"";"col_100";"col_101";"row_name";"value_100";"value_101"
"1";"Insured_Age";"Insured_Age";201;47.75;147.75
"2";"Insured_Age";"Insured_Age";202;47.75;147.75
"3";"Insured_Age";"Insured_Age";203;47.75;147.75
"4";"Insured_Age";"Insured_Age";204;47.75;147.75
"5";"Insured_Age";"Insured_Age";205;47.75;147.75
"6";"Insured_Age";"Insured_Age";206;47.75;147.75
"7";"Insured_Age";"Insured_Age";207;47.75;147.75
"8";"Insured_Age";"Insured_Age";208;47.75;147.75
"9";"Insured_Age";"Insured_Age";209;47.75;147.75
"10";"Insured_Age";"Insured_Age";210;47.75;147.75
"11";"Insured_Age";"Insured_Age";211;47.75;147.75
"12";"CFExpenseTotal_t0_0";"CFExpenseTotal_t0_0";121;3.961566343;4.793495275
"13";"CFExpenseTotal_t0_0";"CFExpenseTotal_t0_0";122;3.961566343;4.388727814
"14";"CFExpenseTotal_t0_0";"CFExpenseTotal_t0_0";195;2.976383428;1.461225898
"15";"CFExpenseTotal_t0_0";"CFExpenseTotal_t0_0";196;2.976383428;1.458333333
"16";"CFExpenseTotal_t0_0";"CFExpenseTotal_t0_0";197;2.976383428;1.458333333
"17";"CFExpenseTotal_t0_0";"CFExpenseTotal_t0_0";198;2.976383428;1.458333333
"18";"CFExpenseTotal_t0_0";"CFExpenseTotal_t0_0";199;2.976383428;1.458337363
"19";"CFExpenseTotal_t0_0";"CFExpenseTotal_t0_0";200;2.976383428;1.458333333
"20";"CFExpenseTotal_t0_0";"CFExpenseTotal_t0_0";233;2.705803117;2.918299853
"21";"CFExpenseTotal_t0_0";"CFExpenseTotal_t0_0";234;2.705803117;2.916776275
"22";"CFExpenseTotal_t0_0";"CFExpenseTotal_t0_0";235;2.705803117;2.916666667
"23";"CFExpenseTotal_t0_0";"CFExpenseTotal_t0_0";288;1.993348378;2.192683216
"24";"CFExpenseTotal_t0_0";"CFExpenseTotal_t0_0";289;1.993348378;2.189510158
"25";"CFExpenseTotal_t0_0";"CFExpenseTotal_t0_0";290;1.993348378;2.188446229
"26";"CFExpenseTotal_t0_0";"CFExpenseTotal_t0_0";291;1.993348378;2.1875
"27";"CFExpenseTotal_t0_1";"CFExpenseTotal_t0_1";121;3.975984321;4.810941028
"28";"CFExpenseTotal_t0_1";"CFExpenseTotal_t0_1";122;3.975984321;4.413940148
"29";"CFExpenseTotal_t0_1";"CFExpenseTotal_t0_1";195;2.987215869;1.469445785
"30";"CFExpenseTotal_t0_1";"CFExpenseTotal_t0_1";196;2.987215869;1.466565692
"31";"CFExpenseTotal_t0_1";"CFExpenseTotal_t0_1";197;2.987215869;1.466565692
"32";"CFExpenseTotal_t0_1";"CFExpenseTotal_t0_1";198;2.987215869;1.466565692
"33";"CFExpenseTotal_t0_1";"CFExpenseTotal_t0_1";199;2.987215869;1.466569704
"34";"CFExpenseTotal_t0_1";"CFExpenseTotal_t0_1";200;2.987215869;1.466565692
"35";"CFExpenseTotal_t0_1";"CFExpenseTotal_t0_1";233;2.71565079;2.942611774
"36";"CFExpenseTotal_t0_1";"CFExpenseTotal_t0_1";234;2.71565079;2.941090705
"37";"CFExpenseTotal_t0_1";"CFExpenseTotal_t0_1";235;2.71565079;2.940981278
"38";"CFExpenseTotal_t0_1";"CFExpenseTotal_t0_1";288;2.010092241;2.211101465
"39";"CFExpenseTotal_t0_1";"CFExpenseTotal_t0_1";289;2.010092241;2.207933359
"40";"CFExpenseTotal_t0_1";"CFExpenseTotal_t0_1";290;2.010092241;2.206871092
"41";"CFExpenseTotal_t0_1";"CFExpenseTotal_t0_1";291;2.010092241;2.205926339
"42";"CFExpenseTotal_t0_2";"CFExpenseTotal_t0_2";121;3.988282394;4.825821697
"43";"CFExpenseTotal_t0_2";"CFExpenseTotal_t0_2";122;3.988282394;4.437290653
"44";"CFExpenseTotal_t0_2";"CFExpenseTotal_t0_2";195;2.996455593;1.477064735
"45";"CFExpenseTotal_t0_2";"CFExpenseTotal_t0_2";196;2.996455593;1.474198318
"46";"CFExpenseTotal_t0_2";"CFExpenseTotal_t0_2";197;2.996455593;1.474198318
"47";"CFExpenseTotal_t0_2";"CFExpenseTotal_t0_2";198;2.996455593;1.474198318
"48";"CFExpenseTotal_t0_2";"CFExpenseTotal_t0_2";199;2.996455593;1.47420231
"49";"CFExpenseTotal_t0_2";"CFExpenseTotal_t0_2";200;2.996455593;1.474198318
"50";"CFExpenseTotal_t0_2";"CFExpenseTotal_t0_2";233;2.724050539;2.967117098
"51";"CFExpenseTotal_t0_2";"CFExpenseTotal_t0_2";234;2.724050539;2.96559854
"52";"CFExpenseTotal_t0_2";"CFExpenseTotal_t0_2";235;2.724050539;2.965489293
"53";"CFExpenseTotal_t0_2";"CFExpenseTotal_t0_2";288;2.026926551;2.229619206
"54";"CFExpenseTotal_t0_2";"CFExpenseTotal_t0_2";289;2.026926551;2.226456125
"55";"CFExpenseTotal_t0_2";"CFExpenseTotal_t0_2";290;2.026926551;2.225395542
"56";"CFExpenseTotal_t0_2";"CFExpenseTotal_t0_2";291;2.026926551;2.224452288
"57";"CFExpenseTotal_t0_3";"CFExpenseTotal_t0_3";121;3.998806471;4.83855583
"58";"CFExpenseTotal_t0_3";"CFExpenseTotal_t0_3";122;3.998806471;4.459017326
"59";"CFExpenseTotal_t0_3";"CFExpenseTotal_t0_3";195;3.004362487;1.484019288
"60";"CFExpenseTotal_t0_3";"CFExpenseTotal_t0_3";196;3.004362487;1.481167833
"61";"CFExpenseTotal_t0_3";"CFExpenseTotal_t0_3";197;3.004362487;1.481167833
"62";"CFExpenseTotal_t0_3";"CFExpenseTotal_t0_3";198;3.004362487;1.481167833
"63";"CFExpenseTotal_t0_3";"CFExpenseTotal_t0_3";199;3.004362487;1.481171805
"64";"CFExpenseTotal_t0_3";"CFExpenseTotal_t0_3";200;3.004362487;1.481167833
"65";"CFExpenseTotal_t0_3";"CFExpenseTotal_t0_3";233;2.731238625;2.991763203
"66";"CFExpenseTotal_t0_3";"CFExpenseTotal_t0_3";234;2.731238625;2.990247182
"67";"CFExpenseTotal_t0_3";"CFExpenseTotal_t0_3";235;2.731238625;2.990138118
"68";"CFExpenseTotal_t0_3";"CFExpenseTotal_t0_3";288;2.043882133;2.248270347
"69";"CFExpenseTotal_t0_3";"CFExpenseTotal_t0_3";289;2.043882133;2.245112313
"70";"CFExpenseTotal_t0_3";"CFExpenseTotal_t0_3";290;2.043882133;2.244053422
"71";"CFExpenseTotal_t0_3";"CFExpenseTotal_t0_3";291;2.043882133;2.243111673
"72";"CFExpenseTotal_t0_4";"CFExpenseTotal_t0_4";121;4.008002192;4.849682653
"73";"CFExpenseTotal_t0_4";"CFExpenseTotal_t0_4";122;4.008002192;4.479461221
"74";"CFExpenseTotal_t0_4";"CFExpenseTotal_t0_4";195;3.011271369;1.490280606
"75";"CFExpenseTotal_t0_4";"CFExpenseTotal_t0_4";196;3.011271369;1.487445418
"76";"CFExpenseTotal_t0_4";"CFExpenseTotal_t0_4";197;3.011271369;1.487445418
"77";"CFExpenseTotal_t0_4";"CFExpenseTotal_t0_4";198;3.011271369;1.487445418
"78";"CFExpenseTotal_t0_4";"CFExpenseTotal_t0_4";199;3.011271369;1.487449367
"79";"CFExpenseTotal_t0_4";"CFExpenseTotal_t0_4";200;3.011271369;1.487445418
"80";"CFExpenseTotal_t0_4";"CFExpenseTotal_t0_4";233;2.737519427;3.016489097
"81";"CFExpenseTotal_t0_4";"CFExpenseTotal_t0_4";234;2.737519427;3.014975673
"82";"CFExpenseTotal_t0_4";"CFExpenseTotal_t0_4";235;2.737519427;3.014866795
"83";"CFExpenseTotal_t0_4";"CFExpenseTotal_t0_4";288;2.060994387;2.267093826
"84";"CFExpenseTotal_t0_4";"CFExpenseTotal_t0_4";289;2.060994387;2.263940809
"85";"CFExpenseTotal_t0_4";"CFExpenseTotal_t0_4";290;2.060994387;2.262883601
"86";"CFExpenseTotal_t0_4";"CFExpenseTotal_t0_4";291;2.060994387;2.261943348
"87";"CFExpenseTotal_t0_5";"CFExpenseTotal_t0_5";121;4.016008135;4.859369843
"88";"CFExpenseTotal_t0_5";"CFExpenseTotal_t0_5";122;4.016008135;4.498733056
"89";"CFExpenseTotal_t0_5";"CFExpenseTotal_t0_5";195;3.017286352;1.495822701
"90";"CFExpenseTotal_t0_5";"CFExpenseTotal_t0_5";196;3.017286352;1.493005092
"91";"CFExpenseTotal_t0_5";"CFExpenseTotal_t0_5";197;3.017286352;1.493005092
"92";"CFExpenseTotal_t0_5";"CFExpenseTotal_t0_5";198;3.017286352;1.493005092
"93";"CFExpenseTotal_t0_5";"CFExpenseTotal_t0_5";199;3.017286352;1.493009017
"94";"CFExpenseTotal_t0_5";"CFExpenseTotal_t0_5";200;3.017286352;1.493005092
"95";"CFExpenseTotal_t0_5";"CFExpenseTotal_t0_5";233;2.742987593;3.041223267
"96";"CFExpenseTotal_t0_5";"CFExpenseTotal_t0_5";234;2.742987593;3.039712533
"97";"CFExpenseTotal_t0_5";"CFExpenseTotal_t0_5";235;2.742987593;3.039603849
"98";"CFExpenseTotal_t0_5";"CFExpenseTotal_t0_5";288;2.078283187;2.286111505
"99";"CFExpenseTotal_t0_5";"CFExpenseTotal_t0_5";289;2.078283187;2.282963448
"100";"CFExpenseTotal_t0_5";"CFExpenseTotal_t0_5";290;2.078283187;2.281907903
"101";"CFExpenseTotal_t0_5";"CFExpenseTotal_t0_5";291;2.078283187;2.28096913
"102";"CFExpenseTotal_t0_6";"CFExpenseTotal_t0_6";121;4.022815077;4.867606243
"103";"CFExpenseTotal_t0_6";"CFExpenseTotal_t0_6";122;4.022815077;4.516819807
"104";"CFExpenseTotal_t0_6";"CFExpenseTotal_t0_6";195;3.022400509;1.500658124
"105";"CFExpenseTotal_t0_6";"CFExpenseTotal_t0_6";196;3.022400509;1.497859342
"106";"CFExpenseTotal_t0_6";"CFExpenseTotal_t0_6";197;3.022400509;1.497859342
"107";"CFExpenseTotal_t0_6";"CFExpenseTotal_t0_6";198;3.022400509;1.497859342
"108";"CFExpenseTotal_t0_6";"CFExpenseTotal_t0_6";199;3.022400509;1.497863241
"109";"CFExpenseTotal_t0_6";"CFExpenseTotal_t0_6";200;3.022400509;1.497859342
"110";"CFExpenseTotal_t0_6";"CFExpenseTotal_t0_6";233;2.747636826;3.06592598
"111";"CFExpenseTotal_t0_6";"CFExpenseTotal_t0_6";234;2.747636826;3.064418047
"112";"CFExpenseTotal_t0_6";"CFExpenseTotal_t0_6";235;2.747636826;3.064309564
"113";"CFExpenseTotal_t0_6";"CFExpenseTotal_t0_6";288;2.095715783;2.305287361
"114";"CFExpenseTotal_t0_6";"CFExpenseTotal_t0_6";289;2.095715783;2.302144259
"115";"CFExpenseTotal_t0_6";"CFExpenseTotal_t0_6";290;2.095715783;2.301090375
"116";"CFExpenseTotal_t0_6";"CFExpenseTotal_t0_6";291;2.095715783;2.300153079
"117";"CFExpenseTotal_t0_7";"CFExpenseTotal_t0_7";121;3.853926325;4.663250854
"118";"CFExpenseTotal_t0_7";"CFExpenseTotal_t0_7";122;3.853926325;4.526861017
"119";"CFExpenseTotal_t0_7";"CFExpenseTotal_t0_7";195;2.89551189;1.504876566
"120";"CFExpenseTotal_t0_7";"CFExpenseTotal_t0_7";196;2.89551189;1.502097653
"121";"CFExpenseTotal_t0_7";"CFExpenseTotal_t0_7";197;2.89551189;1.502097653
"122";"CFExpenseTotal_t0_7";"CFExpenseTotal_t0_7";198;2.89551189;1.502097653
"123";"CFExpenseTotal_t0_7";"CFExpenseTotal_t0_7";199;2.89551189;1.502101524
"124";"CFExpenseTotal_t0_7";"CFExpenseTotal_t0_7";200;2.89551189;1.502097653
"125";"CFExpenseTotal_t0_7";"CFExpenseTotal_t0_7";233;2.632283536;3.090571629
"126";"CFExpenseTotal_t0_7";"CFExpenseTotal_t0_7";234;2.632283536;3.089066616
"127";"CFExpenseTotal_t0_7";"CFExpenseTotal_t0_7";235;2.632283536;3.088958343
"128";"CFExpenseTotal_t0_7";"CFExpenseTotal_t0_7";288;2.113259958;2.324585954
"129";"CFExpenseTotal_t0_7";"CFExpenseTotal_t0_7";289;2.113259958;2.32144785
"130";"CFExpenseTotal_t0_7";"CFExpenseTotal_t0_7";290;2.113259958;2.320395643
"131";"CFExpenseTotal_t0_7";"CFExpenseTotal_t0_7";291;2.113259958;2.319459837
"132";"CFExpenseTotal_t0_8";"CFExpenseTotal_t0_8";121;3.780668951;4.574609431
"133";"CFExpenseTotal_t0_8";"CFExpenseTotal_t0_8";122;3.780668951;4.540569468
"134";"CFExpenseTotal_t0_8";"CFExpenseTotal_t0_8";195;2.84047254;1.508565271
"135";"CFExpenseTotal_t0_8";"CFExpenseTotal_t0_8";196;2.84047254;1.505807078
"136";"CFExpenseTotal_t0_8";"CFExpenseTotal_t0_8";197;2.84047254;1.505807078
"137";"CFExpenseTotal_t0_8";"CFExpenseTotal_t0_8";198;2.84047254;1.505807078
"138";"CFExpenseTotal_t0_8";"CFExpenseTotal_t0_8";199;2.84047254;1.50581092
"139";"CFExpenseTotal_t0_8";"CFExpenseTotal_t0_8";200;2.84047254;1.505807078
"140";"CFExpenseTotal_t0_8";"CFExpenseTotal_t0_8";233;2.582247764;3.115092519
"141";"CFExpenseTotal_t0_8";"CFExpenseTotal_t0_8";234;2.582247764;3.113590576
"142";"CFExpenseTotal_t0_8";"CFExpenseTotal_t0_8";235;2.582247764;3.113482525
"143";"CFExpenseTotal_t0_8";"CFExpenseTotal_t0_8";288;2.130877392;2.343965132
"144";"CFExpenseTotal_t0_8";"CFExpenseTotal_t0_8";289;2.130877392;2.340832128
"145";"CFExpenseTotal_t0_8";"CFExpenseTotal_t0_8";290;2.130877392;2.33978163
"146";"CFExpenseTotal_t0_8";"CFExpenseTotal_t0_8";291;2.130877392;2.338847345
"147";"CFExpenseTotal_t0_9";"CFExpenseTotal_t0_9";121;3.794744566;4.591640925
"148";"CFExpenseTotal_t0_9";"CFExpenseTotal_t0_9";122;3.794744566;4.557809917
"149";"CFExpenseTotal_t0_9";"CFExpenseTotal_t0_9";195;2.851047758;1.511735952
"150";"CFExpenseTotal_t0_9";"CFExpenseTotal_t0_9";196;2.851047758;1.508999278
"151";"CFExpenseTotal_t0_9";"CFExpenseTotal_t0_9";197;2.851047758;1.508999278
"152";"CFExpenseTotal_t0_9";"CFExpenseTotal_t0_9";198;2.851047758;1.508999278
"153";"CFExpenseTotal_t0_9";"CFExpenseTotal_t0_9";199;2.851047758;1.509003091
"154";"CFExpenseTotal_t0_9";"CFExpenseTotal_t0_9";200;2.851047758;1.508999278
"155";"CFExpenseTotal_t0_9";"CFExpenseTotal_t0_9";233;2.591861598;3.139392871
"156";"CFExpenseTotal_t0_9";"CFExpenseTotal_t0_9";234;2.591861598;3.137894191
"157";"CFExpenseTotal_t0_9";"CFExpenseTotal_t0_9";235;2.591861598;3.137786374
"158";"CFExpenseTotal_t0_9";"CFExpenseTotal_t0_9";288;2.148523365;2.363375701
"159";"CFExpenseTotal_t0_9";"CFExpenseTotal_t0_9";289;2.148523365;2.360247962
"160";"CFExpenseTotal_t0_9";"CFExpenseTotal_t0_9";290;2.148523365;2.359199229
"161";"CFExpenseTotal_t0_9";"CFExpenseTotal_t0_9";291;2.148523365;2.358266515
"162";"CFExpenseTotal_t0_10";"CFExpenseTotal_t0_10";121;3.807159378;4.606662848
"163";"CFExpenseTotal_t0_10";"CFExpenseTotal_t0_10";122;3.807159378;4.573054661
"164";"CFExpenseTotal_t0_10";"CFExpenseTotal_t0_10";195;2.86037519;1.514333707
"165";"CFExpenseTotal_t0_10";"CFExpenseTotal_t0_10";196;2.86037519;1.511619424
"166";"CFExpenseTotal_t0_10";"CFExpenseTotal_t0_10";197;2.86037519;1.511619424
"167";"CFExpenseTotal_t0_10";"CFExpenseTotal_t0_10";198;2.86037519;1.511619424
"168";"CFExpenseTotal_t0_10";"CFExpenseTotal_t0_10";199;2.86037519;1.511623205
"169";"CFExpenseTotal_t0_10";"CFExpenseTotal_t0_10";200;2.86037519;1.511619424
"170";"CFExpenseTotal_t0_10";"CFExpenseTotal_t0_10";233;2.600341082;3.163363933
"171";"CFExpenseTotal_t0_10";"CFExpenseTotal_t0_10";234;2.600341082;3.161868754
"172";"CFExpenseTotal_t0_10";"CFExpenseTotal_t0_10";235;2.600341082;3.161761189
"173";"CFExpenseTotal_t0_10";"CFExpenseTotal_t0_10";288;2.166172599;2.382789859
"174";"CFExpenseTotal_t0_10";"CFExpenseTotal_t0_10";289;2.166172599;2.379667581
"175";"CFExpenseTotal_t0_10";"CFExpenseTotal_t0_10";290;2.166172599;2.37862068
"176";"CFExpenseTotal_t0_10";"CFExpenseTotal_t0_10";291;2.166172599;2.377689594
"177";"CFExpenseTotal_t0_11";"CFExpenseTotal_t0_11";121;3.816814984;4.618346131
"178";"CFExpenseTotal_t0_11";"CFExpenseTotal_t0_11";122;3.816814984;4.584983795
"179";"CFExpenseTotal_t0_11";"CFExpenseTotal_t0_11";195;2.86762959;1.516247466
"180";"CFExpenseTotal_t0_11";"CFExpenseTotal_t0_11";196;2.86762959;1.513556613
"181";"CFExpenseTotal_t0_11";"CFExpenseTotal_t0_11";197;2.86762959;1.513556613
"182";"CFExpenseTotal_t0_11";"CFExpenseTotal_t0_11";198;2.86762959;1.513556613
"183";"CFExpenseTotal_t0_11";"CFExpenseTotal_t0_11";199;2.86762959;1.513560362
"184";"CFExpenseTotal_t0_11";"CFExpenseTotal_t0_11";200;2.86762959;1.513556613
"185";"CFExpenseTotal_t0_11";"CFExpenseTotal_t0_11";233;2.606935991;3.186852693
"186";"CFExpenseTotal_t0_11";"CFExpenseTotal_t0_11";234;2.606935991;3.185361318
"187";"CFExpenseTotal_t0_11";"CFExpenseTotal_t0_11";235;2.606935991;3.185254026
"188";"CFExpenseTotal_t0_11";"CFExpenseTotal_t0_11";288;2.183806738;2.402187411
"189";"CFExpenseTotal_t0_11";"CFExpenseTotal_t0_11";289;2.183806738;2.399070816
"190";"CFExpenseTotal_t0_11";"CFExpenseTotal_t0_11";290;2.183806738;2.39802582
"191";"CFExpenseTotal_t0_11";"CFExpenseTotal_t0_11";291;2.183806738;2.397096428
"192";"CFExpenseTotal_t0_12";"CFExpenseTotal_t0_12";121;3.823274182;4.62616176
"193";"CFExpenseTotal_t0_12";"CFExpenseTotal_t0_12";122;3.823274182;4.593071379
"194";"CFExpenseTotal_t0_12";"CFExpenseTotal_t0_12";195;2.872482481;1.517325243
"195";"CFExpenseTotal_t0_12";"CFExpenseTotal_t0_12";196;2.872482481;1.514659092
"196";"CFExpenseTotal_t0_12";"CFExpenseTotal_t0_12";197;2.872482481;1.514659092
"197";"CFExpenseTotal_t0_12";"CFExpenseTotal_t0_12";198;2.872482481;1.514659092
"198";"CFExpenseTotal_t0_12";"CFExpenseTotal_t0_12";199;2.872482481;1.514662806
"199";"CFExpenseTotal_t0_12";"CFExpenseTotal_t0_12";200;2.872482481;1.514659092
"200";"CFExpenseTotal_t0_12";"CFExpenseTotal_t0_12";233;2.61134771;3.209684983
"201";"CFExpenseTotal_t0_12";"CFExpenseTotal_t0_12";234;2.61134771;3.208197787
"202";"CFExpenseTotal_t0_12";"CFExpenseTotal_t0_12";235;2.61134771;3.208090796
"203";"CFExpenseTotal_t0_12";"CFExpenseTotal_t0_12";288;2.201377368;2.421515104
"204";"CFExpenseTotal_t0_12";"CFExpenseTotal_t0_12";289;2.201377368;2.418404474
"205";"CFExpenseTotal_t0_12";"CFExpenseTotal_t0_12";290;2.201377368;2.417361477
"206";"CFExpenseTotal_t0_12";"CFExpenseTotal_t0_12";291;2.201377368;2.416433865
"207";"CFExpenseTotal_t0_13";"CFExpenseTotal_t0_13";121;3.826178791;4.629676338
"208";"CFExpenseTotal_t0_13";"CFExpenseTotal_t0_13";122;3.826178791;4.596886274
"209";"CFExpenseTotal_t0_13";"CFExpenseTotal_t0_13";195;2.874664757;1.517404177
"210";"CFExpenseTotal_t0_13";"CFExpenseTotal_t0_13";196;2.874664757;1.51476424
"211";"CFExpenseTotal_t0_13";"CFExpenseTotal_t0_13";197;2.874664757;1.51476424
"212";"CFExpenseTotal_t0_13";"CFExpenseTotal_t0_13";198;2.874664757;1.51476424
"213";"CFExpenseTotal_t0_13";"CFExpenseTotal_t0_13";199;2.874664757;1.514767918
"214";"CFExpenseTotal_t0_13";"CFExpenseTotal_t0_13";200;2.874664757;1.51476424
"215";"CFExpenseTotal_t0_13";"CFExpenseTotal_t0_13";233;2.613331597;3.231654495
"216";"CFExpenseTotal_t0_13";"CFExpenseTotal_t0_13";234;2.613331597;3.230171938
"217";"CFExpenseTotal_t0_13";"CFExpenseTotal_t0_13";235;2.613331597;3.230065281
"218";"CFExpenseTotal_t0_13";"CFExpenseTotal_t0_13";288;2.218818451;2.440700296
"219";"CFExpenseTotal_t0_13";"CFExpenseTotal_t0_13";289;2.218818451;2.437595998
"220";"CFExpenseTotal_t0_13";"CFExpenseTotal_t0_13";290;2.218818451;2.436555125
"221";"CFExpenseTotal_t0_13";"CFExpenseTotal_t0_13";291;2.218818451;2.435629401
"222";"CFExpenseTotal_t0_14";"CFExpenseTotal_t0_14";121;3.825297816;4.628610357
"223";"CFExpenseTotal_t0_14";"CFExpenseTotal_t0_14";122;3.825297816;4.596150051
"224";"CFExpenseTotal_t0_14";"CFExpenseTotal_t0_14";195;2.874002867;1.516337979
"225";"CFExpenseTotal_t0_14";"CFExpenseTotal_t0_14";196;2.874002867;1.513725972
"226";"CFExpenseTotal_t0_14";"CFExpenseTotal_t0_14";197;2.874002867;1.513725972
"227";"CFExpenseTotal_t0_14";"CFExpenseTotal_t0_14";198;2.874002867;1.513725972
"228";"CFExpenseTotal_t0_14";"CFExpenseTotal_t0_14";199;2.874002867;1.513729611
"229";"CFExpenseTotal_t0_14";"CFExpenseTotal_t0_14";200;2.874002867;1.513725972
"230";"CFExpenseTotal_t0_14";"CFExpenseTotal_t0_14";233;2.612729879;3.252552269
"231";"CFExpenseTotal_t0_14";"CFExpenseTotal_t0_14";234;2.612729879;3.251074892
"232";"CFExpenseTotal_t0_14";"CFExpenseTotal_t0_14";235;2.612729879;3.250968607
"233";"CFExpenseTotal_t0_14";"CFExpenseTotal_t0_14";288;2.236054698;2.459660167
"234";"CFExpenseTotal_t0_14";"CFExpenseTotal_t0_14";289;2.236054698;2.456562665
"235";"CFExpenseTotal_t0_14";"CFExpenseTotal_t0_14";290;2.236054698;2.455524071
"236";"CFExpenseTotal_t0_14";"CFExpenseTotal_t0_14";291;2.236054698;2.454600373
"237";"CFExpenseTotal_t0_15";"CFExpenseTotal_t0_15";121;3.820222666;4.622469426
"238";"CFExpenseTotal_t0_15";"CFExpenseTotal_t0_15";122;3.820222666;4.590370827
"239";"CFExpenseTotal_t0_15";"CFExpenseTotal_t0_15";195;2.870189832;1.513999847
"240";"CFExpenseTotal_t0_15";"CFExpenseTotal_t0_15";196;2.870189832;1.511417645
"241";"CFExpenseTotal_t0_15";"CFExpenseTotal_t0_15";197;2.870189832;1.511417645
"242";"CFExpenseTotal_t0_15";"CFExpenseTotal_t0_15";198;2.870189832;1.511417645
"243";"CFExpenseTotal_t0_15";"CFExpenseTotal_t0_15";199;2.870189832;1.511421242
"244";"CFExpenseTotal_t0_15";"CFExpenseTotal_t0_15";200;2.870189832;1.511417645
"245";"CFExpenseTotal_t0_15";"CFExpenseTotal_t0_15";233;2.609263484;3.272327138
"246";"CFExpenseTotal_t0_15";"CFExpenseTotal_t0_15";234;2.609263484;3.270855488
"247";"CFExpenseTotal_t0_15";"CFExpenseTotal_t0_15";235;2.609263484;3.270749616
"248";"CFExpenseTotal_t0_15";"CFExpenseTotal_t0_15";288;2.252981199;2.478279319
"249";"CFExpenseTotal_t0_15";"CFExpenseTotal_t0_15";289;2.252981199;2.475189207
"250";"CFExpenseTotal_t0_15";"CFExpenseTotal_t0_15";290;2.252981199;2.474153091
"251";"CFExpenseTotal_t0_15";"CFExpenseTotal_t0_15";291;2.252981199;2.473231597
"252";"CFExpenseTotal_t0_16";"CFExpenseTotal_t0_16";121;3.810235607;4.610385085
"253";"CFExpenseTotal_t0_16";"CFExpenseTotal_t0_16";122;3.810235607;4.578685106
"254";"CFExpenseTotal_t0_16";"CFExpenseTotal_t0_16";195;2.862686407;1.510268758
"255";"CFExpenseTotal_t0_16";"CFExpenseTotal_t0_16";196;2.862686407;1.50771838
"256";"CFExpenseTotal_t0_16";"CFExpenseTotal_t0_16";197;2.862686407;1.50771838
"257";"CFExpenseTotal_t0_16";"CFExpenseTotal_t0_16";198;2.862686407;1.50771838
"258";"CFExpenseTotal_t0_16";"CFExpenseTotal_t0_16";199;2.862686407;1.507721933
"259";"CFExpenseTotal_t0_16";"CFExpenseTotal_t0_16";200;2.862686407;1.50771838
"260";"CFExpenseTotal_t0_16";"CFExpenseTotal_t0_16";233;2.602442188;3.291215159
"261";"CFExpenseTotal_t0_16";"CFExpenseTotal_t0_16";234;2.602442188;3.289749662
"262";"CFExpenseTotal_t0_16";"CFExpenseTotal_t0_16";235;2.602442188;3.289644232
"263";"CFExpenseTotal_t0_16";"CFExpenseTotal_t0_16";288;2.269480602;2.496428662
"264";"CFExpenseTotal_t0_16";"CFExpenseTotal_t0_16";289;2.269480602;2.493346677
"265";"CFExpenseTotal_t0_16";"CFExpenseTotal_t0_16";290;2.269480602;2.492313286
"266";"CFExpenseTotal_t0_16";"CFExpenseTotal_t0_16";291;2.269480602;2.491394215
"267";"CFExpenseTotal_t0_17";"CFExpenseTotal_t0_17";121;3.794604165;4.59147104
"268";"CFExpenseTotal_t0_17";"CFExpenseTotal_t0_17";122;3.794604165;4.560211466
"269";"CFExpenseTotal_t0_17";"CFExpenseTotal_t0_17";195;2.850942273;1.505014006
"270";"CFExpenseTotal_t0_17";"CFExpenseTotal_t0_17";196;2.850942273;1.502497623
"271";"CFExpenseTotal_t0_17";"CFExpenseTotal_t0_17";197;2.850942273;1.502497623
"272";"CFExpenseTotal_t0_17";"CFExpenseTotal_t0_17";198;2.850942273;1.502497623
"273";"CFExpenseTotal_t0_17";"CFExpenseTotal_t0_17";199;2.850942273;1.502501128
"274";"CFExpenseTotal_t0_17";"CFExpenseTotal_t0_17";200;2.850942273;1.502497623
"275";"CFExpenseTotal_t0_17";"CFExpenseTotal_t0_17";233;2.591765703;3.309399035
"276";"CFExpenseTotal_t0_17";"CFExpenseTotal_t0_17";234;2.591765703;3.307940025
"277";"CFExpenseTotal_t0_17";"CFExpenseTotal_t0_17";235;2.591765703;3.307835062
"278";"CFExpenseTotal_t0_17";"CFExpenseTotal_t0_17";288;2.285411733;2.513952907
"279";"CFExpenseTotal_t0_17";"CFExpenseTotal_t0_17";289;2.285411733;2.510879955
"280";"CFExpenseTotal_t0_17";"CFExpenseTotal_t0_17";290;2.285411733;2.509849592
"281";"CFExpenseTotal_t0_17";"CFExpenseTotal_t0_17";291;2.285411733;2.508933216
"282";"CFExpenseTotal_t0_18";"CFExpenseTotal_t0_18";121;3.772574386;4.564815007
"283";"CFExpenseTotal_t0_18";"CFExpenseTotal_t0_18";122;3.772574386;4.534042455
"284";"CFExpenseTotal_t0_18";"CFExpenseTotal_t0_18";195;2.834390974;1.498049831
"285";"CFExpenseTotal_t0_18";"CFExpenseTotal_t0_18";196;2.834390974;1.495569851
"286";"CFExpenseTotal_t0_18";"CFExpenseTotal_t0_18";197;2.834390974;1.495569851
"287";"CFExpenseTotal_t0_18";"CFExpenseTotal_t0_18";198;2.834390974;1.495569851
"288";"CFExpenseTotal_t0_18";"CFExpenseTotal_t0_18";199;2.834390974;1.495573305
"289";"CFExpenseTotal_t0_18";"CFExpenseTotal_t0_18";200;2.834390974;1.495569851
"290";"CFExpenseTotal_t0_18";"CFExpenseTotal_t0_18";233;2.576719067;3.326845968
"291";"CFExpenseTotal_t0_18";"CFExpenseTotal_t0_18";234;2.576719067;3.325393781
"292";"CFExpenseTotal_t0_18";"CFExpenseTotal_t0_18";235;2.576719067;3.325289308
"293";"CFExpenseTotal_t0_18";"CFExpenseTotal_t0_18";288;2.300629033;2.530691936
"294";"CFExpenseTotal_t0_18";"CFExpenseTotal_t0_18";289;2.300629033;2.527629091
"295";"CFExpenseTotal_t0_18";"CFExpenseTotal_t0_18";290;2.300629033;2.526602117
"296";"CFExpenseTotal_t0_18";"CFExpenseTotal_t0_18";291;2.300629033;2.525688754
"297";"CFExpenseTotal_t0_19";"CFExpenseTotal_t0_19";121;3.743155096;4.529217666
"298";"CFExpenseTotal_t0_19";"CFExpenseTotal_t0_19";122;3.743155096;4.498985285
"299";"CFExpenseTotal_t0_19";"CFExpenseTotal_t0_19";195;2.812287825;1.48910223
"300";"CFExpenseTotal_t0_19";"CFExpenseTotal_t0_19";196;2.812287825;1.48666143
"301";"CFExpenseTotal_t0_19";"CFExpenseTotal_t0_19";197;2.812287825;1.48666143
"302";"CFExpenseTotal_t0_19";"CFExpenseTotal_t0_19";198;2.812287825;1.48666143
"303";"CFExpenseTotal_t0_19";"CFExpenseTotal_t0_19";199;2.812287825;1.48666483
"304";"CFExpenseTotal_t0_19";"CFExpenseTotal_t0_19";200;2.812287825;1.48666143
"305";"CFExpenseTotal_t0_19";"CFExpenseTotal_t0_19";233;2.556625296;3.343501984
"306";"CFExpenseTotal_t0_19";"CFExpenseTotal_t0_19";234;2.556625296;3.34205697
"307";"CFExpenseTotal_t0_19";"CFExpenseTotal_t0_19";235;2.556625296;3.341953013
"308";"CFExpenseTotal_t0_19";"CFExpenseTotal_t0_19";288;2.315096511;2.546606162
"309";"CFExpenseTotal_t0_19";"CFExpenseTotal_t0_19";289;2.315096511;2.543554511
"310";"CFExpenseTotal_t0_19";"CFExpenseTotal_t0_19";290;2.315096511;2.542531291
"311";"CFExpenseTotal_t0_19";"CFExpenseTotal_t0_19";291;2.315096511;2.541621267
"312";"CFExpenseTotal_t0_20";"CFExpenseTotal_t0_20";121;3.705158476;4.483241756
"313";"CFExpenseTotal_t0_20";"CFExpenseTotal_t0_20";122;3.705158476;4.453610515
"314";"CFExpenseTotal_t0_20";"CFExpenseTotal_t0_20";195;2.783740403;1.477837046
"315";"CFExpenseTotal_t0_20";"CFExpenseTotal_t0_20";196;2.783740403;1.475438654
"316";"CFExpenseTotal_t0_20";"CFExpenseTotal_t0_20";197;2.783740403;1.475438654
"317";"CFExpenseTotal_t0_20";"CFExpenseTotal_t0_20";198;2.783740403;1.475438654
"318";"CFExpenseTotal_t0_20";"CFExpenseTotal_t0_20";199;2.783740403;1.475441995
"319";"CFExpenseTotal_t0_20";"CFExpenseTotal_t0_20";200;2.783740403;1.475438654
"320";"CFExpenseTotal_t0_20";"CFExpenseTotal_t0_20";233;2.530673093;3.359267231
"321";"CFExpenseTotal_t0_20";"CFExpenseTotal_t0_20";234;2.530673093;3.357829771
"322";"CFExpenseTotal_t0_20";"CFExpenseTotal_t0_20";235;2.530673093;3.357726358
"323";"CFExpenseTotal_t0_20";"CFExpenseTotal_t0_20";288;2.328976595;2.561874254
"324";"CFExpenseTotal_t0_20";"CFExpenseTotal_t0_20";289;2.328976595;2.558834644
"325";"CFExpenseTotal_t0_20";"CFExpenseTotal_t0_20";290;2.328976595;2.557815462
"326";"CFExpenseTotal_t0_20";"CFExpenseTotal_t0_20";291;2.328976595;2.556909028
"327";"CFExpenseTotal_t0_21";"CFExpenseTotal_t0_21";121;3.657375149;4.425423931
"328";"CFExpenseTotal_t0_21";"CFExpenseTotal_t0_21";122;3.657375149;4.396462447
"329";"CFExpenseTotal_t0_21";"CFExpenseTotal_t0_21";195;2.747840082;1.463894221
"330";"CFExpenseTotal_t0_21";"CFExpenseTotal_t0_21";196;2.747840082;1.461541942
"331";"CFExpenseTotal_t0_21";"CFExpenseTotal_t0_21";197;2.747840082;1.461541942
"332";"CFExpenseTotal_t0_21";"CFExpenseTotal_t0_21";198;2.747840082;1.461541942
"333";"CFExpenseTotal_t0_21";"CFExpenseTotal_t0_21";199;2.747840082;1.461545219
"334";"CFExpenseTotal_t0_21";"CFExpenseTotal_t0_21";200;2.747840082;1.461541942
"335";"CFExpenseTotal_t0_21";"CFExpenseTotal_t0_21";233;2.498036438;3.375406168
"336";"CFExpenseTotal_t0_21";"CFExpenseTotal_t0_21";234;2.498036438;3.373976096
"337";"CFExpenseTotal_t0_21";"CFExpenseTotal_t0_21";235;2.498036438;3.373873215
"338";"CFExpenseTotal_t0_21";"CFExpenseTotal_t0_21";288;2.342391976;2.576631173
"339";"CFExpenseTotal_t0_21";"CFExpenseTotal_t0_21";289;2.342391976;2.573604265
"340";"CFExpenseTotal_t0_21";"CFExpenseTotal_t0_21";290;2.342391976;2.572589341
"341";"CFExpenseTotal_t0_21";"CFExpenseTotal_t0_21";291;2.342391976;2.571686695
"342";"CFExpenseTotal_t0_22";"CFExpenseTotal_t0_22";121;3.598590581;4.354294603
"343";"CFExpenseTotal_t0_22";"CFExpenseTotal_t0_22";122;3.598590581;4.326078848
"344";"CFExpenseTotal_t0_22";"CFExpenseTotal_t0_22";195;2.703674366;1.446880401
"345";"CFExpenseTotal_t0_22";"CFExpenseTotal_t0_22";196;2.703674366;1.444578444
"346";"CFExpenseTotal_t0_22";"CFExpenseTotal_t0_22";197;2.703674366;1.444578444
"347";"CFExpenseTotal_t0_22";"CFExpenseTotal_t0_22";198;2.703674366;1.444578444
"348";"CFExpenseTotal_t0_22";"CFExpenseTotal_t0_22";199;2.703674366;1.44458165
"349";"CFExpenseTotal_t0_22";"CFExpenseTotal_t0_22";200;2.703674366;1.444578444
"350";"CFExpenseTotal_t0_22";"CFExpenseTotal_t0_22";233;2.457885787;3.391474943
"351";"CFExpenseTotal_t0_22";"CFExpenseTotal_t0_22";234;2.457885787;3.390052284
"352";"CFExpenseTotal_t0_22";"CFExpenseTotal_t0_22";235;2.457885787;3.389949936
"353";"CFExpenseTotal_t0_22";"CFExpenseTotal_t0_22";288;2.355313233;2.590844556
"354";"CFExpenseTotal_t0_22";"CFExpenseTotal_t0_22";289;2.355313233;2.587831028
"355";"CFExpenseTotal_t0_22";"CFExpenseTotal_t0_22";290;2.355313233;2.58682059
"356";"CFExpenseTotal_t0_22";"CFExpenseTotal_t0_22";291;2.355313233;2.585921934
"357";"CFExpenseTotal_t0_23";"CFExpenseTotal_t0_23";121;3.528869678;4.269932311
"358";"CFExpenseTotal_t0_23";"CFExpenseTotal_t0_23";122;3.528869678;4.242535342
"359";"CFExpenseTotal_t0_23";"CFExpenseTotal_t0_23";195;2.65129202;1.426356504
"360";"CFExpenseTotal_t0_23";"CFExpenseTotal_t0_23";196;2.65129202;1.424109633
"361";"CFExpenseTotal_t0_23";"CFExpenseTotal_t0_23";197;2.65129202;1.424109633
"362";"CFExpenseTotal_t0_23";"CFExpenseTotal_t0_23";198;2.65129202;1.424109633
"363";"CFExpenseTotal_t0_23";"CFExpenseTotal_t0_23";199;2.65129202;1.424112763
"364";"CFExpenseTotal_t0_23";"CFExpenseTotal_t0_23";200;2.65129202;1.424109633
"365";"CFExpenseTotal_t0_23";"CFExpenseTotal_t0_23";233;2.410265472;3.405535292
"366";"CFExpenseTotal_t0_23";"CFExpenseTotal_t0_23";234;2.410265472;3.404120873
"367";"CFExpenseTotal_t0_23";"CFExpenseTotal_t0_23";235;2.410265472;3.404019117
"368";"CFExpenseTotal_t0_23";"CFExpenseTotal_t0_23";288;2.367696104;2.604465715
"369";"CFExpenseTotal_t0_23";"CFExpenseTotal_t0_23";289;2.367696104;2.601466281
"370";"CFExpenseTotal_t0_23";"CFExpenseTotal_t0_23";290;2.367696104;2.600460569
"371";"CFExpenseTotal_t0_23";"CFExpenseTotal_t0_23";291;2.367696104;2.599566116
"372";"CFExpenseTotal_t0_24";"CFExpenseTotal_t0_24";121;3.447633792;4.171636888
"373";"CFExpenseTotal_t0_24";"CFExpenseTotal_t0_24";122;3.447633792;4.145133866
"374";"CFExpenseTotal_t0_24";"CFExpenseTotal_t0_24";195;2.590258296;1.401853566
"375";"CFExpenseTotal_t0_24";"CFExpenseTotal_t0_24";196;2.590258296;1.399667123
"376";"CFExpenseTotal_t0_24";"CFExpenseTotal_t0_24";197;2.590258296;1.399667123
"377";"CFExpenseTotal_t0_24";"CFExpenseTotal_t0_24";198;2.590258296;1.399667123
"378";"CFExpenseTotal_t0_24";"CFExpenseTotal_t0_24";199;2.590258296;1.399670169
"379";"CFExpenseTotal_t0_24";"CFExpenseTotal_t0_24";200;2.590258296;1.399667123
"380";"CFExpenseTotal_t0_24";"CFExpenseTotal_t0_24";233;2.354780269;3.41719711
"381";"CFExpenseTotal_t0_24";"CFExpenseTotal_t0_24";234;2.354780269;3.415791892
"382";"CFExpenseTotal_t0_24";"CFExpenseTotal_t0_24";235;2.354780269;3.415690799
"383";"CFExpenseTotal_t0_24";"CFExpenseTotal_t0_24";288;2.37946836;2.617415196
"384";"CFExpenseTotal_t0_24";"CFExpenseTotal_t0_24";289;2.37946836;2.614430638
"385";"CFExpenseTotal_t0_24";"CFExpenseTotal_t0_24";290;2.37946836;2.613429914
"386";"CFExpenseTotal_t0_24";"CFExpenseTotal_t0_24";291;2.37946836;2.612539897
"387";"CFExpenseTotal_t0_25";"CFExpenseTotal_t0_25";121;3.355883157;4.06061862
"388";"CFExpenseTotal_t0_25";"CFExpenseTotal_t0_25";122;3.355883157;4.035074661
"389";"CFExpenseTotal_t0_25";"CFExpenseTotal_t0_25";195;2.521324686;1.372892669
"390";"CFExpenseTotal_t0_25";"CFExpenseTotal_t0_25";196;2.521324686;1.370772563
"391";"CFExpenseTotal_t0_25";"CFExpenseTotal_t0_25";197;2.521324686;1.370772563
"392";"CFExpenseTotal_t0_25";"CFExpenseTotal_t0_25";198;2.521324686;1.370772563
"393";"CFExpenseTotal_t0_25";"CFExpenseTotal_t0_25";199;2.521324686;1.370775517
"394";"CFExpenseTotal_t0_25";"CFExpenseTotal_t0_25";200;2.521324686;1.370772563
"395";"CFExpenseTotal_t0_25";"CFExpenseTotal_t0_25";233;2.292113351;3.426065321
"396";"CFExpenseTotal_t0_25";"CFExpenseTotal_t0_25";234;2.292113351;3.424670401
"397";"CFExpenseTotal_t0_25";"CFExpenseTotal_t0_25";235;2.292113351;3.424570048
"398";"CFExpenseTotal_t0_25";"CFExpenseTotal_t0_25";288;2.39151259;2.630663849
"399";"CFExpenseTotal_t0_25";"CFExpenseTotal_t0_25";289;2.39151259;2.627693829
"400";"CFExpenseTotal_t0_25";"CFExpenseTotal_t0_25";290;2.39151259;2.62669798
"401";"CFExpenseTotal_t0_25";"CFExpenseTotal_t0_25";291;2.39151259;2.625812298
"402";"CFExpenseTotal_t0_26";"CFExpenseTotal_t0_26";121;3.254243769;3.93763496
"403";"CFExpenseTotal_t0_26";"CFExpenseTotal_t0_26";122;3.254243769;3.913108309
"404";"CFExpenseTotal_t0_26";"CFExpenseTotal_t0_26";195;2.444961509;1.339003404
"405";"CFExpenseTotal_t0_26";"CFExpenseTotal_t0_26";196;2.444961509;1.336956075
"406";"CFExpenseTotal_t0_26";"CFExpenseTotal_t0_26";197;2.444961509;1.336956075
"407";"CFExpenseTotal_t0_26";"CFExpenseTotal_t0_26";198;2.444961509;1.336956075
"408";"CFExpenseTotal_t0_26";"CFExpenseTotal_t0_26";199;2.444961509;1.336958927
"409";"CFExpenseTotal_t0_26";"CFExpenseTotal_t0_26";200;2.444961509;1.336956075
"410";"CFExpenseTotal_t0_26";"CFExpenseTotal_t0_26";233;2.222692281;3.431849465
"411";"CFExpenseTotal_t0_26";"CFExpenseTotal_t0_26";234;2.222692281;3.430466017
"412";"CFExpenseTotal_t0_26";"CFExpenseTotal_t0_26";235;2.222692281;3.43036649
"413";"CFExpenseTotal_t0_26";"CFExpenseTotal_t0_26";288;2.403522015;2.643874216
"414";"CFExpenseTotal_t0_26";"CFExpenseTotal_t0_26";289;2.403522015;2.640918782
"415";"CFExpenseTotal_t0_26";"CFExpenseTotal_t0_26";290;2.403522015;2.639927823
"416";"CFExpenseTotal_t0_26";"CFExpenseTotal_t0_26";291;2.403522015;2.639046491
"417";"CFExpenseTotal_t0_27";"CFExpenseTotal_t0_27";121;3.141938466;3.801745544
"418";"CFExpenseTotal_t0_27";"CFExpenseTotal_t0_27";122;3.141938466;3.778298269
"419";"CFExpenseTotal_t0_27";"CFExpenseTotal_t0_27";195;2.360584873;1.299103968
"420";"CFExpenseTotal_t0_27";"CFExpenseTotal_t0_27";196;2.360584873;1.297137281
"421";"CFExpenseTotal_t0_27";"CFExpenseTotal_t0_27";197;2.360584873;1.297137281
"422";"CFExpenseTotal_t0_27";"CFExpenseTotal_t0_27";198;2.360584873;1.297137281
"423";"CFExpenseTotal_t0_27";"CFExpenseTotal_t0_27";199;2.360584873;1.29714002
"424";"CFExpenseTotal_t0_27";"CFExpenseTotal_t0_27";200;2.360584873;1.297137281
"425";"CFExpenseTotal_t0_27";"CFExpenseTotal_t0_27";233;2.145986248;3.434315021
"426";"CFExpenseTotal_t0_27";"CFExpenseTotal_t0_27";234;2.145986248;3.432944281
"427";"CFExpenseTotal_t0_27";"CFExpenseTotal_t0_27";235;2.145986248;3.432845668
"428";"CFExpenseTotal_t0_27";"CFExpenseTotal_t0_27";288;2.414150888;2.655565977
"429";"CFExpenseTotal_t0_27";"CFExpenseTotal_t0_27";289;2.414150888;2.652626811
"430";"CFExpenseTotal_t0_27";"CFExpenseTotal_t0_27";290;2.414150888;2.651641306
"431";"CFExpenseTotal_t0_27";"CFExpenseTotal_t0_27";291;2.414150888;2.650764826
"432";"CFExpenseTotal_t0_28";"CFExpenseTotal_t0_28";121;3.017254618;3.650878088
"433";"CFExpenseTotal_t0_28";"CFExpenseTotal_t0_28";122;3.017254618;3.628582809
"434";"CFExpenseTotal_t0_28";"CFExpenseTotal_t0_28";195;2.266908053;1.252051314
"435";"CFExpenseTotal_t0_28";"CFExpenseTotal_t0_28";196;2.266908053;1.250174598
"436";"CFExpenseTotal_t0_28";"CFExpenseTotal_t0_28";197;2.266908053;1.250174598
"437";"CFExpenseTotal_t0_28";"CFExpenseTotal_t0_28";198;2.266908053;1.250174598
"438";"CFExpenseTotal_t0_28";"CFExpenseTotal_t0_28";199;2.266908053;1.250177213
"439";"CFExpenseTotal_t0_28";"CFExpenseTotal_t0_28";200;2.266908053;1.250174598
"440";"CFExpenseTotal_t0_28";"CFExpenseTotal_t0_28";233;2.060825503;3.432953725
"441";"CFExpenseTotal_t0_28";"CFExpenseTotal_t0_28";234;2.060825503;3.431597089
"442";"CFExpenseTotal_t0_28";"CFExpenseTotal_t0_28";235;2.060825503;3.431499491
"443";"CFExpenseTotal_t0_28";"CFExpenseTotal_t0_28";288;2.423125962;2.665438558
"444";"CFExpenseTotal_t0_28";"CFExpenseTotal_t0_28";289;2.423125962;2.662517621
"445";"CFExpenseTotal_t0_28";"CFExpenseTotal_t0_28";290;2.423125962;2.66153823
"446";"CFExpenseTotal_t0_28";"CFExpenseTotal_t0_28";291;2.423125962;2.660667185
"447";"CFExpenseTotal_t0_29";"CFExpenseTotal_t0_29";121;2.877655528;3.481963188
"448";"CFExpenseTotal_t0_29";"CFExpenseTotal_t0_29";122;2.877655528;3.460908649
"449";"CFExpenseTotal_t0_29";"CFExpenseTotal_t0_29";195;2.16202519;1.197310323
"450";"CFExpenseTotal_t0_29";"CFExpenseTotal_t0_29";196;2.16202519;1.195533402
"451";"CFExpenseTotal_t0_29";"CFExpenseTotal_t0_29";197;2.16202519;1.195533402
"452";"CFExpenseTotal_t0_29";"CFExpenseTotal_t0_29";198;2.16202519;1.195533402
"453";"CFExpenseTotal_t0_29";"CFExpenseTotal_t0_29";199;2.16202519;1.195535877
"454";"CFExpenseTotal_t0_29";"CFExpenseTotal_t0_29";200;2.16202519;1.195533402
"455";"CFExpenseTotal_t0_29";"CFExpenseTotal_t0_29";233;1.965477445;3.427096662
"456";"CFExpenseTotal_t0_29";"CFExpenseTotal_t0_29";234;1.965477445;3.425755744
"457";"CFExpenseTotal_t0_29";"CFExpenseTotal_t0_29";235;1.965477445;3.425659277
"458";"CFExpenseTotal_t0_29";"CFExpenseTotal_t0_29";288;2.430166203;2.673182824
"459";"CFExpenseTotal_t0_29";"CFExpenseTotal_t0_29";289;2.430166203;2.670282353
"460";"CFExpenseTotal_t0_29";"CFExpenseTotal_t0_29";290;2.430166203;2.669309824
"461";"CFExpenseTotal_t0_29";"CFExpenseTotal_t0_29";291;2.430166203;2.668444883
"462";"CFExpenseTotal_t0_30";"CFExpenseTotal_t0_30";121;2.721221663;3.292678212
"463";"CFExpenseTotal_t0_30";"CFExpenseTotal_t0_30";122;2.721221663;3.272964129
"464";"CFExpenseTotal_t0_30";"CFExpenseTotal_t0_30";195;2.044494112;1.134684202
"465";"CFExpenseTotal_t0_30";"CFExpenseTotal_t0_30";196;2.044494112;1.133016872
"466";"CFExpenseTotal_t0_30";"CFExpenseTotal_t0_30";197;2.044494112;1.133016872
"467";"CFExpenseTotal_t0_30";"CFExpenseTotal_t0_30";198;2.044494112;1.133016872
"468";"CFExpenseTotal_t0_30";"CFExpenseTotal_t0_30";199;2.044494112;1.133019194
"469";"CFExpenseTotal_t0_30";"CFExpenseTotal_t0_30";200;2.044494112;1.133016872
"470";"CFExpenseTotal_t0_30";"CFExpenseTotal_t0_30";233;1.858631011;3.416175674
"471";"CFExpenseTotal_t0_30";"CFExpenseTotal_t0_30";234;1.858631011;3.414852258
"472";"CFExpenseTotal_t0_30";"CFExpenseTotal_t0_30";235;1.858631011;3.41475705
"473";"CFExpenseTotal_t0_30";"CFExpenseTotal_t0_30";288;2.435065434;2.678571977
"474";"CFExpenseTotal_t0_30";"CFExpenseTotal_t0_30";289;2.435065434;2.675694385
"475";"CFExpenseTotal_t0_30";"CFExpenseTotal_t0_30";290;2.435065434;2.674729526
"476";"CFExpenseTotal_t0_30";"CFExpenseTotal_t0_30";291;2.435065434;2.673871407
"477";"CFExpenseTotal_t0_31";"CFExpenseTotal_t0_31";121;2.547769162;3.082800686
"478";"CFExpenseTotal_t0_31";"CFExpenseTotal_t0_31";122;2.547769162;3.06452481
"479";"CFExpenseTotal_t0_31";"CFExpenseTotal_t0_31";195;1.91417668;1.064529667
"480";"CFExpenseTotal_t0_31";"CFExpenseTotal_t0_31";196;1.91417668;1.062980889
"481";"CFExpenseTotal_t0_31";"CFExpenseTotal_t0_31";197;1.91417668;1.062980889
"482";"CFExpenseTotal_t0_31";"CFExpenseTotal_t0_31";198;1.91417668;1.062980889
"483";"CFExpenseTotal_t0_31";"CFExpenseTotal_t0_31";199;1.91417668;1.062983047
"484";"CFExpenseTotal_t0_31";"CFExpenseTotal_t0_31";200;1.91417668;1.062980889
"485";"CFExpenseTotal_t0_31";"CFExpenseTotal_t0_31";233;1.740160619;3.399547172
"486";"CFExpenseTotal_t0_31";"CFExpenseTotal_t0_31";234;1.740160619;3.398243231
"487";"CFExpenseTotal_t0_31";"CFExpenseTotal_t0_31";235;1.740160619;3.398149424
"488";"CFExpenseTotal_t0_31";"CFExpenseTotal_t0_31";288;2.437644808;2.681409289
"489";"CFExpenseTotal_t0_31";"CFExpenseTotal_t0_31";289;2.437644808;2.67855712
"490";"CFExpenseTotal_t0_31";"CFExpenseTotal_t0_31";290;2.437644808;2.677600786
"491";"CFExpenseTotal_t0_31";"CFExpenseTotal_t0_31";291;2.437644808;2.676750248
"492";"CFExpenseTotal_t0_32";"CFExpenseTotal_t0_32";121;2.35860101;2.853907222
"493";"CFExpenseTotal_t0_32";"CFExpenseTotal_t0_32";122;2.35860101;2.837154793
"494";"CFExpenseTotal_t0_32";"CFExpenseTotal_t0_32";195;1.772051848;0.987497424
"495";"CFExpenseTotal_t0_32";"CFExpenseTotal_t0_32";196;1.772051848;0.986074924
"496";"CFExpenseTotal_t0_32";"CFExpenseTotal_t0_32";197;1.772051848;0.986074924
"497";"CFExpenseTotal_t0_32";"CFExpenseTotal_t0_32";198;1.772051848;0.986074924
"498";"CFExpenseTotal_t0_32";"CFExpenseTotal_t0_32";199;1.772051848;0.986076906
"499";"CFExpenseTotal_t0_32";"CFExpenseTotal_t0_32";200;1.772051848;0.986074924
"500";"CFExpenseTotal_t0_32";"CFExpenseTotal_t0_32";233;1.610956226;3.376408145
"501";"CFExpenseTotal_t0_32";"CFExpenseTotal_t0_32";234;1.610956226;3.375125897
"502";"CFExpenseTotal_t0_32";"CFExpenseTotal_t0_32";235;1.610956226;3.37503365
"503";"CFExpenseTotal_t0_32";"CFExpenseTotal_t0_32";288;2.437535935;2.681289528
"504";"CFExpenseTotal_t0_32";"CFExpenseTotal_t0_32";289;2.437535935;2.678465676
"505";"CFExpenseTotal_t0_32";"CFExpenseTotal_t0_32";290;2.437535935;2.677518837
"506";"CFExpenseTotal_t0_32";"CFExpenseTotal_t0_32";291;2.437535935;2.676676743
"507";"CFExpenseTotal_t0_33";"CFExpenseTotal_t0_33";121;2.155962022;2.608714047
"508";"CFExpenseTotal_t0_33";"CFExpenseTotal_t0_33";122;2.155962022;2.593551599
"509";"CFExpenseTotal_t0_33";"CFExpenseTotal_t0_33";195;1.619806178;0.904284305
"510";"CFExpenseTotal_t0_33";"CFExpenseTotal_t0_33";196;1.619806178;0.902994553
"511";"CFExpenseTotal_t0_33";"CFExpenseTotal_t0_33";197;1.619806178;0.902994553
"512";"CFExpenseTotal_t0_33";"CFExpenseTotal_t0_33";198;1.619806178;0.902994553
"513";"CFExpenseTotal_t0_33";"CFExpenseTotal_t0_33";199;1.619806178;0.90299635
"514";"CFExpenseTotal_t0_33";"CFExpenseTotal_t0_33";200;1.619806178;0.902994553
"515";"CFExpenseTotal_t0_33";"CFExpenseTotal_t0_33";233;1.47255107;3.345820814
"516";"CFExpenseTotal_t0_33";"CFExpenseTotal_t0_33";234;1.47255107;3.344562757
"517";"CFExpenseTotal_t0_33";"CFExpenseTotal_t0_33";235;1.47255107;3.344472251
"518";"CFExpenseTotal_t0_33";"CFExpenseTotal_t0_33";288;2.434276673;2.677704341
"519";"CFExpenseTotal_t0_33";"CFExpenseTotal_t0_33";289;2.434276673;2.674912138
"520";"CFExpenseTotal_t0_33";"CFExpenseTotal_t0_33";290;2.434276673;2.673975911
"521";"CFExpenseTotal_t0_33";"CFExpenseTotal_t0_33";291;2.434276673;2.673143256
"522";"CFExpenseTotal_t0_34";"CFExpenseTotal_t0_34";121;1.942888365;2.350894922
"523";"CFExpenseTotal_t0_34";"CFExpenseTotal_t0_34";122;1.942888365;2.337365453
"524";"CFExpenseTotal_t0_34";"CFExpenseTotal_t0_34";195;1.459720785;0.81570927
"525";"CFExpenseTotal_t0_34";"CFExpenseTotal_t0_34";196;1.459720785;0.814557353
"526";"CFExpenseTotal_t0_34";"CFExpenseTotal_t0_34";197;1.459720785;0.814557353
"527";"CFExpenseTotal_t0_34";"CFExpenseTotal_t0_34";198;1.459720785;0.814557353
"528";"CFExpenseTotal_t0_34";"CFExpenseTotal_t0_34";199;1.459720785;0.814558958
"529";"CFExpenseTotal_t0_34";"CFExpenseTotal_t0_34";200;1.459720785;0.814557353
"530";"CFExpenseTotal_t0_34";"CFExpenseTotal_t0_34";233;1.327018896;3.306839202
"531";"CFExpenseTotal_t0_34";"CFExpenseTotal_t0_34";234;1.327018896;3.305608109
"532";"CFExpenseTotal_t0_34";"CFExpenseTotal_t0_34";235;1.327018896;3.305519542
"533";"CFExpenseTotal_t0_34";"CFExpenseTotal_t0_34";288;2.427474605;2.670222066
"534";"CFExpenseTotal_t0_34";"CFExpenseTotal_t0_34";289;2.427474605;2.667465187
"535";"CFExpenseTotal_t0_34";"CFExpenseTotal_t0_34";290;2.427474605;2.666540804
"536";"CFExpenseTotal_t0_34";"CFExpenseTotal_t0_34";291;2.427474605;2.665718683
"537";"CFExpenseTotal_t0_35";"CFExpenseTotal_t0_35";121;1.723024338;2.084859448
"538";"CFExpenseTotal_t0_35";"CFExpenseTotal_t0_35";122;1.723024338;2.072979113
"539";"CFExpenseTotal_t0_35";"CFExpenseTotal_t0_35";195;1.294533687;0.722900868
"540";"CFExpenseTotal_t0_35";"CFExpenseTotal_t0_35";196;1.294533687;0.721890105
"541";"CFExpenseTotal_t0_35";"CFExpenseTotal_t0_35";197;1.294533687;0.721890105
"542";"CFExpenseTotal_t0_35";"CFExpenseTotal_t0_35";198;1.294533687;0.721890105
"543";"CFExpenseTotal_t0_35";"CFExpenseTotal_t0_35";199;1.294533687;0.721891513
"544";"CFExpenseTotal_t0_35";"CFExpenseTotal_t0_35";200;1.294533687;0.721890105
"545";"CFExpenseTotal_t0_35";"CFExpenseTotal_t0_35";233;1.176848806;3.258561235
"546";"CFExpenseTotal_t0_35";"CFExpenseTotal_t0_35";234;1.176848806;3.257360121
"547";"CFExpenseTotal_t0_35";"CFExpenseTotal_t0_35";235;1.176848806;3.257273711
"548";"CFExpenseTotal_t0_35";"CFExpenseTotal_t0_35";288;2.416685976;2.658354574
"549";"CFExpenseTotal_t0_35";"CFExpenseTotal_t0_35";289;2.416685976;2.655637077
"550";"CFExpenseTotal_t0_35";"CFExpenseTotal_t0_35";290;2.416685976;2.654725899
"551";"CFExpenseTotal_t0_35";"CFExpenseTotal_t0_35";291;2.416685976;2.653915522
"552";"CFExpenseTotal_t0_36";"CFExpenseTotal_t0_36";121;1.500564437;1.815682969
"553";"CFExpenseTotal_t0_36";"CFExpenseTotal_t0_36";122;1.500564437;1.805438343
"554";"CFExpenseTotal_t0_36";"CFExpenseTotal_t0_36";195;1.127396271;0.627552426
"555";"CFExpenseTotal_t0_36";"CFExpenseTotal_t0_36";196;1.127396271;0.626683655
"556";"CFExpenseTotal_t0_36";"CFExpenseTotal_t0_36";197;1.127396271;0.626683655
"557";"CFExpenseTotal_t0_36";"CFExpenseTotal_t0_36";198;1.127396271;0.626683655
"558";"CFExpenseTotal_t0_36";"CFExpenseTotal_t0_36";199;1.127396271;0.626684865
"559";"CFExpenseTotal_t0_36";"CFExpenseTotal_t0_36";200;1.127396271;0.626683655
"560";"CFExpenseTotal_t0_36";"CFExpenseTotal_t0_36";233;1.024905701;3.201665508
"561";"CFExpenseTotal_t0_36";"CFExpenseTotal_t0_36";234;1.024905701;3.200497047
"562";"CFExpenseTotal_t0_36";"CFExpenseTotal_t0_36";235;1.024905701;3.200412986
"563";"CFExpenseTotal_t0_36";"CFExpenseTotal_t0_36";288;2.40137746;2.641515206
"564";"CFExpenseTotal_t0_36";"CFExpenseTotal_t0_36";289;2.40137746;2.638841615
"565";"CFExpenseTotal_t0_36";"CFExpenseTotal_t0_36";290;2.40137746;2.637945158
"566";"CFExpenseTotal_t0_36";"CFExpenseTotal_t0_36";291;2.40137746;2.637147874
"567";"CFExpenseTotal_t0_37";"CFExpenseTotal_t0_37";121;1.280415534;1.549302797
"568";"CFExpenseTotal_t0_37";"CFExpenseTotal_t0_37";122;1.280415534;1.540647214
"569";"CFExpenseTotal_t0_37";"CFExpenseTotal_t0_37";195;0.961995142;0.532320951
"570";"CFExpenseTotal_t0_37";"CFExpenseTotal_t0_37";196;0.961995142;0.531591303
"571";"CFExpenseTotal_t0_37";"CFExpenseTotal_t0_37";197;0.961995142;0.531591303
"572";"CFExpenseTotal_t0_37";"CFExpenseTotal_t0_37";198;0.961995142;0.531591303
"573";"CFExpenseTotal_t0_37";"CFExpenseTotal_t0_37";199;0.961995142;0.531592319
"574";"CFExpenseTotal_t0_37";"CFExpenseTotal_t0_37";200;0.961995142;0.531591303
"575";"CFExpenseTotal_t0_37";"CFExpenseTotal_t0_37";233;0.874541039;3.135104807
"576";"CFExpenseTotal_t0_37";"CFExpenseTotal_t0_37";234;0.874541039;3.133971961
"577";"CFExpenseTotal_t0_37";"CFExpenseTotal_t0_37";235;0.874541039;3.133890463
"578";"CFExpenseTotal_t0_37";"CFExpenseTotal_t0_37";288;2.38091993;2.619011923
"579";"CFExpenseTotal_t0_37";"CFExpenseTotal_t0_37";289;2.38091993;2.616387311
"580";"CFExpenseTotal_t0_37";"CFExpenseTotal_t0_37";290;2.38091993;2.615507277
"581";"CFExpenseTotal_t0_37";"CFExpenseTotal_t0_37";291;2.38091993;2.614724599
"582";"CFExpenseTotal_t0_38";"CFExpenseTotal_t0_38";121;1.068352371;1.292706369
"583";"CFExpenseTotal_t0_38";"CFExpenseTotal_t0_38";122;1.068352371;1.285555423
"584";"CFExpenseTotal_t0_38";"CFExpenseTotal_t0_38";195;0.802668949;0.440583707
"585";"CFExpenseTotal_t0_38";"CFExpenseTotal_t0_38";196;0.802668949;0.439985774
"586";"CFExpenseTotal_t0_38";"CFExpenseTotal_t0_38";197;0.802668949;0.439985774
"587";"CFExpenseTotal_t0_38";"CFExpenseTotal_t0_38";198;0.802668949;0.439985774
"588";"CFExpenseTotal_t0_38";"CFExpenseTotal_t0_38";199;0.802668949;0.439986607
"589";"CFExpenseTotal_t0_38";"CFExpenseTotal_t0_38";200;0.802668949;0.439985774
"590";"CFExpenseTotal_t0_38";"CFExpenseTotal_t0_38";233;0.729699045;3.060591951
"591";"CFExpenseTotal_t0_38";"CFExpenseTotal_t0_38";234;0.729699045;3.059496976
"592";"CFExpenseTotal_t0_38";"CFExpenseTotal_t0_38";235;0.729699045;3.059418202
"593";"CFExpenseTotal_t0_38";"CFExpenseTotal_t0_38";288;2.354670104;2.590137114
"594";"CFExpenseTotal_t0_38";"CFExpenseTotal_t0_38";289;2.354670104;2.587567096
"595";"CFExpenseTotal_t0_38";"CFExpenseTotal_t0_38";290;2.354670104;2.586705368
"596";"CFExpenseTotal_t0_38";"CFExpenseTotal_t0_38";291;2.354670104;2.58593897
"597";"CFExpenseTotal_t0_39";"CFExpenseTotal_t0_39";121;0.870066243;1.052780154
"598";"CFExpenseTotal_t0_39";"CFExpenseTotal_t0_39";122;0.870066243;1.047013755
"599";"CFExpenseTotal_t0_39";"CFExpenseTotal_t0_39";195;0.653693646;0.355523314
"600";"CFExpenseTotal_t0_39";"CFExpenseTotal_t0_39";196;0.653693646;0.355045591
"601";"CFExpenseTotal_t0_39";"CFExpenseTotal_t0_39";197;0.653693646;0.355045591
"602";"CFExpenseTotal_t0_39";"CFExpenseTotal_t0_39";198;0.653693646;0.355045591
"603";"CFExpenseTotal_t0_39";"CFExpenseTotal_t0_39";199;0.653693646;0.355046256
"604";"CFExpenseTotal_t0_39";"CFExpenseTotal_t0_39";200;0.653693646;0.355045591
"605";"CFExpenseTotal_t0_39";"CFExpenseTotal_t0_39";233;0.594266951;2.977843407
"606";"CFExpenseTotal_t0_39";"CFExpenseTotal_t0_39";234;0.594266951;2.97678858
"607";"CFExpenseTotal_t0_39";"CFExpenseTotal_t0_39";235;0.594266951;2.976712694
"608";"CFExpenseTotal_t0_39";"CFExpenseTotal_t0_39";288;2.322029298;2.554232228
"609";"CFExpenseTotal_t0_39";"CFExpenseTotal_t0_39";289;2.322029298;2.551722889
"610";"CFExpenseTotal_t0_39";"CFExpenseTotal_t0_39";290;2.322029298;2.550881506
"611";"CFExpenseTotal_t0_39";"CFExpenseTotal_t0_39";291;2.322029298;2.550133203
"612";"CFExpenseTotal_t0_40";"CFExpenseTotal_t0_40";121;0.690072416;0.834987623
"613";"CFExpenseTotal_t0_40";"CFExpenseTotal_t0_40";122;0.690072416;0.830459166
"614";"CFExpenseTotal_t0_40";"CFExpenseTotal_t0_40";195;0.51846162;0.279525052
"615";"CFExpenseTotal_t0_40";"CFExpenseTotal_t0_40";196;0.51846162;0.279153162
"616";"CFExpenseTotal_t0_40";"CFExpenseTotal_t0_40";197;0.51846162;0.279153162
"617";"CFExpenseTotal_t0_40";"CFExpenseTotal_t0_40";198;0.51846162;0.279153162
"618";"CFExpenseTotal_t0_40";"CFExpenseTotal_t0_40";199;0.51846162;0.27915368
"619";"CFExpenseTotal_t0_40";"CFExpenseTotal_t0_40";200;0.51846162;0.279153162
"620";"CFExpenseTotal_t0_40";"CFExpenseTotal_t0_40";233;0.471328745;2.885619982
"621";"CFExpenseTotal_t0_40";"CFExpenseTotal_t0_40";234;0.471328745;2.884607939
"622";"CFExpenseTotal_t0_40";"CFExpenseTotal_t0_40";235;0.471328745;2.884535132
"623";"CFExpenseTotal_t0_40";"CFExpenseTotal_t0_40";288;2.283498105;2.511847915
"624";"CFExpenseTotal_t0_40";"CFExpenseTotal_t0_40";289;2.283498105;2.509404609
"625";"CFExpenseTotal_t0_40";"CFExpenseTotal_t0_40";290;2.283498105;2.508585368
"626";"CFExpenseTotal_t0_40";"CFExpenseTotal_t0_40";291;2.283498105;2.507856756
"627";"CFExpenseTotal_t0_41";"CFExpenseTotal_t0_41";121;0.53188221;0.643577475
"628";"CFExpenseTotal_t0_41";"CFExpenseTotal_t0_41";122;0.53188221;0.640121473
"629";"CFExpenseTotal_t0_41";"CFExpenseTotal_t0_41";195;0.399610977;0.213922056
"630";"CFExpenseTotal_t0_41";"CFExpenseTotal_t0_41";196;0.399610977;0.213640261
"631";"CFExpenseTotal_t0_41";"CFExpenseTotal_t0_41";197;0.399610977;0.213640261
"632";"CFExpenseTotal_t0_41";"CFExpenseTotal_t0_41";198;0.399610977;0.213640261
"633";"CFExpenseTotal_t0_41";"CFExpenseTotal_t0_41";199;0.399610977;0.213640654
"634";"CFExpenseTotal_t0_41";"CFExpenseTotal_t0_41";200;0.399610977;0.213640261
"635";"CFExpenseTotal_t0_41";"CFExpenseTotal_t0_41";233;0.363282706;2.781849479
"636";"CFExpenseTotal_t0_41";"CFExpenseTotal_t0_41";234;0.363282706;2.780883487
"637";"CFExpenseTotal_t0_41";"CFExpenseTotal_t0_41";235;0.363282706;2.780813992
"638";"CFExpenseTotal_t0_41";"CFExpenseTotal_t0_41";288;2.238329186;2.462162104
"639";"CFExpenseTotal_t0_41";"CFExpenseTotal_t0_41";289;2.238329186;2.459790804
"640";"CFExpenseTotal_t0_41";"CFExpenseTotal_t0_41";290;2.238329186;2.458995706
"641";"CFExpenseTotal_t0_41";"CFExpenseTotal_t0_41";291;2.238329186;2.458288567
"642";"CFExpenseTotal_t0_42";"CFExpenseTotal_t0_42";121;0.39755339;0.481039601
"643";"CFExpenseTotal_t0_42";"CFExpenseTotal_t0_42";122;0.39755339;0.47848186
"644";"CFExpenseTotal_t0_42";"CFExpenseTotal_t0_42";195;0.298687746;0.159046561
"645";"CFExpenseTotal_t0_42";"CFExpenseTotal_t0_42";196;0.298687746;0.158839124
"646";"CFExpenseTotal_t0_42";"CFExpenseTotal_t0_42";197;0.298687746;0.158839124
"647";"CFExpenseTotal_t0_42";"CFExpenseTotal_t0_42";198;0.298687746;0.158839124
"648";"CFExpenseTotal_t0_42";"CFExpenseTotal_t0_42";199;0.298687746;0.158839413
"649";"CFExpenseTotal_t0_42";"CFExpenseTotal_t0_42";200;0.298687746;0.158839124
"650";"CFExpenseTotal_t0_42";"CFExpenseTotal_t0_42";233;0.271534314;2.663655435
"651";"CFExpenseTotal_t0_42";"CFExpenseTotal_t0_42";234;0.271534314;2.662739641
"652";"CFExpenseTotal_t0_42";"CFExpenseTotal_t0_42";235;0.271534314;2.662673757
"653";"CFExpenseTotal_t0_42";"CFExpenseTotal_t0_42";288;2.187710448;2.406481493
"654";"CFExpenseTotal_t0_42";"CFExpenseTotal_t0_42";289;2.187710448;2.40418673
"655";"CFExpenseTotal_t0_42";"CFExpenseTotal_t0_42";290;2.187710448;2.403417294
"656";"CFExpenseTotal_t0_42";"CFExpenseTotal_t0_42";291;2.187710448;2.402732979
"657";"CFExpenseTotal_t0_43";"CFExpenseTotal_t0_43";121;0.28737445;0.347723085
"658";"CFExpenseTotal_t0_43";"CFExpenseTotal_t0_43";122;0.28737445;0.345892407
"659";"CFExpenseTotal_t0_43";"CFExpenseTotal_t0_43";195;0.215908678;0.114606717
"660";"CFExpenseTotal_t0_43";"CFExpenseTotal_t0_43";196;0.215908678;0.114458719
"661";"CFExpenseTotal_t0_43";"CFExpenseTotal_t0_43";197;0.215908678;0.114458719
"662";"CFExpenseTotal_t0_43";"CFExpenseTotal_t0_43";198;0.215908678;0.114458719
"663";"CFExpenseTotal_t0_43";"CFExpenseTotal_t0_43";199;0.215908678;0.114458925
"664";"CFExpenseTotal_t0_43";"CFExpenseTotal_t0_43";200;0.215908678;0.114458719
"665";"CFExpenseTotal_t0_43";"CFExpenseTotal_t0_43";233;0.196280616;2.529193376
"666";"CFExpenseTotal_t0_43";"CFExpenseTotal_t0_43";234;0.196280616;2.528332417
"667";"CFExpenseTotal_t0_43";"CFExpenseTotal_t0_43";235;0.196280616;2.528270478
"668";"CFExpenseTotal_t0_43";"CFExpenseTotal_t0_43";288;2.131408664;2.344549531
"669";"CFExpenseTotal_t0_43";"CFExpenseTotal_t0_43";289;2.131408664;2.342335926
"670";"CFExpenseTotal_t0_43";"CFExpenseTotal_t0_43";290;2.131408664;2.341593703
"671";"CFExpenseTotal_t0_43";"CFExpenseTotal_t0_43";291;2.131408664;2.34093359
"672";"CFExpenseTotal_t0_44";"CFExpenseTotal_t0_44";121;0.200403894;0.242488712
"673";"CFExpenseTotal_t0_44";"CFExpenseTotal_t0_44";122;0.200403894;0.241224639
"674";"CFExpenseTotal_t0_44";"CFExpenseTotal_t0_44";195;0.150566412;0.079934981
"675";"CFExpenseTotal_t0_44";"CFExpenseTotal_t0_44";196;0.150566412;0.079832778
"676";"CFExpenseTotal_t0_44";"CFExpenseTotal_t0_44";197;0.150566412;0.079832778
"677";"CFExpenseTotal_t0_44";"CFExpenseTotal_t0_44";198;0.150566412;0.079832778
"678";"CFExpenseTotal_t0_44";"CFExpenseTotal_t0_44";199;0.150566412;0.07983292
"679";"CFExpenseTotal_t0_44";"CFExpenseTotal_t0_44";200;0.150566412;0.079832778
"680";"CFExpenseTotal_t0_44";"CFExpenseTotal_t0_44";233;0.136878556;2.378254485
"681";"CFExpenseTotal_t0_44";"CFExpenseTotal_t0_44";234;0.136878556;2.377452919
"682";"CFExpenseTotal_t0_44";"CFExpenseTotal_t0_44";235;0.136878556;2.377395254
"683";"CFExpenseTotal_t0_44";"CFExpenseTotal_t0_44";288;2.068501009;2.275351109
"684";"CFExpenseTotal_t0_44";"CFExpenseTotal_t0_44";289;2.068501009;2.273224076
"685";"CFExpenseTotal_t0_44";"CFExpenseTotal_t0_44";290;2.068501009;2.27251088
"686";"CFExpenseTotal_t0_44";"CFExpenseTotal_t0_44";291;2.068501009;2.271876584
"687";"CFExpenseTotal_t0_45";"CFExpenseTotal_t0_45";121;0.134608148;0.16287586
"688";"CFExpenseTotal_t0_45";"CFExpenseTotal_t0_45";122;0.134608148;0.162035163
"689";"CFExpenseTotal_t0_45";"CFExpenseTotal_t0_45";195;0.101133094;0.053974032
"690";"CFExpenseTotal_t0_45";"CFExpenseTotal_t0_45";196;0.101133094;0.053905704
"691";"CFExpenseTotal_t0_45";"CFExpenseTotal_t0_45";197;0.101133094;0.053905704
"692";"CFExpenseTotal_t0_45";"CFExpenseTotal_t0_45";198;0.101133094;0.053905704
"693";"CFExpenseTotal_t0_45";"CFExpenseTotal_t0_45";199;0.101133094;0.0539058
"694";"CFExpenseTotal_t0_45";"CFExpenseTotal_t0_45";200;0.101133094;0.053905704
"695";"CFExpenseTotal_t0_45";"CFExpenseTotal_t0_45";233;0.091939177;2.211738812
"696";"CFExpenseTotal_t0_45";"CFExpenseTotal_t0_45";234;0.091939177;2.211000747
"697";"CFExpenseTotal_t0_45";"CFExpenseTotal_t0_45";235;0.091939177;2.210947649
"698";"CFExpenseTotal_t0_45";"CFExpenseTotal_t0_45";288;1.997470682;2.197217751
"699";"CFExpenseTotal_t0_45";"CFExpenseTotal_t0_45";289;1.997470682;2.195184063
"700";"CFExpenseTotal_t0_45";"CFExpenseTotal_t0_45";290;1.997470682;2.194502167
"701";"CFExpenseTotal_t0_45";"CFExpenseTotal_t0_45";291;1.997470682;2.193895706
"702";"CFExpenseTotal_t0_46";"CFExpenseTotal_t0_46";121;0.086952099;0.10521204
"703";"CFExpenseTotal_t0_46";"CFExpenseTotal_t0_46";122;0.086952099;0.104674328
"704";"CFExpenseTotal_t0_46";"CFExpenseTotal_t0_46";195;0.065328399;0.03533371
"705";"CFExpenseTotal_t0_46";"CFExpenseTotal_t0_46";196;0.065328399;0.035289421
"706";"CFExpenseTotal_t0_46";"CFExpenseTotal_t0_46";197;0.065328399;0.035289421
"707";"CFExpenseTotal_t0_46";"CFExpenseTotal_t0_46";198;0.065328399;0.035289421
"708";"CFExpenseTotal_t0_46";"CFExpenseTotal_t0_46";199;0.065328399;0.035289483
"709";"CFExpenseTotal_t0_46";"CFExpenseTotal_t0_46";200;0.065328399;0.035289421
"710";"CFExpenseTotal_t0_46";"CFExpenseTotal_t0_46";233;0.059389454;2.031177878
"711";"CFExpenseTotal_t0_46";"CFExpenseTotal_t0_46";234;0.059389454;2.030506775
"712";"CFExpenseTotal_t0_46";"CFExpenseTotal_t0_46";235;0.059389454;2.030458495
"713";"CFExpenseTotal_t0_46";"CFExpenseTotal_t0_46";288;1.916210437;2.107831481
"714";"CFExpenseTotal_t0_46";"CFExpenseTotal_t0_46";289;1.916210437;2.105899815
"715";"CFExpenseTotal_t0_46";"CFExpenseTotal_t0_46";290;1.916210437;2.105252126
"716";"CFExpenseTotal_t0_46";"CFExpenseTotal_t0_46";291;1.916210437;2.104676089
"717";"CFExpenseTotal_t0_47";"CFExpenseTotal_t0_47";121;0.053960791;0.065292557
"718";"CFExpenseTotal_t0_47";"CFExpenseTotal_t0_47";122;0.053960791;0.06496215
"719";"CFExpenseTotal_t0_47";"CFExpenseTotal_t0_47";195;0.040541541;0.02247035
"720";"CFExpenseTotal_t0_47";"CFExpenseTotal_t0_47";196;0.040541541;0.022442464
"721";"CFExpenseTotal_t0_47";"CFExpenseTotal_t0_47";197;0.040541541;0.022442464
"722";"CFExpenseTotal_t0_47";"CFExpenseTotal_t0_47";198;0.040541541;0.022442464
"723";"CFExpenseTotal_t0_47";"CFExpenseTotal_t0_47";199;0.040541541;0.022442502
"724";"CFExpenseTotal_t0_47";"CFExpenseTotal_t0_47";200;0.040541541;0.022442464
"725";"CFExpenseTotal_t0_47";"CFExpenseTotal_t0_47";233;0.036855946;1.838886647
"726";"CFExpenseTotal_t0_47";"CFExpenseTotal_t0_47";234;0.036855946;1.838285091
"727";"CFExpenseTotal_t0_47";"CFExpenseTotal_t0_47";235;0.036855946;1.838241814
"728";"CFExpenseTotal_t0_47";"CFExpenseTotal_t0_47";288;1.82330988;2.005640868
"729";"CFExpenseTotal_t0_47";"CFExpenseTotal_t0_47";289;1.82330988;2.003821023
"730";"CFExpenseTotal_t0_47";"CFExpenseTotal_t0_47";290;1.82330988;2.003210828
"731";"CFExpenseTotal_t0_47";"CFExpenseTotal_t0_47";291;1.82330988;2.002668137
"732";"CFExpenseTotal_t0_48";"CFExpenseTotal_t0_48";121;0.032172389;0.038928591
"733";"CFExpenseTotal_t0_48";"CFExpenseTotal_t0_48";122;0.032172389;0.038733537
"734";"CFExpenseTotal_t0_48";"CFExpenseTotal_t0_48";195;0.024171592;0.01389882
"735";"CFExpenseTotal_t0_48";"CFExpenseTotal_t0_48";196;0.024171592;0.013881742
"736";"CFExpenseTotal_t0_48";"CFExpenseTotal_t0_48";197;0.024171592;0.013881742
"737";"CFExpenseTotal_t0_48";"CFExpenseTotal_t0_48";198;0.024171592;0.013881742
"738";"CFExpenseTotal_t0_48";"CFExpenseTotal_t0_48";199;0.024171592;0.013881766
"739";"CFExpenseTotal_t0_48";"CFExpenseTotal_t0_48";200;0.024171592;0.013881742
"740";"CFExpenseTotal_t0_48";"CFExpenseTotal_t0_48";233;0.021974175;1.637834516
"741";"CFExpenseTotal_t0_48";"CFExpenseTotal_t0_48";234;0.021974175;1.637304033
"742";"CFExpenseTotal_t0_48";"CFExpenseTotal_t0_48";235;0.021974175;1.63726587
"743";"CFExpenseTotal_t0_48";"CFExpenseTotal_t0_48";288;1.718490346;1.890339381
"744";"CFExpenseTotal_t0_48";"CFExpenseTotal_t0_48";289;1.718490346;1.888641114
"745";"CFExpenseTotal_t0_48";"CFExpenseTotal_t0_48";290;1.718490346;1.888071684
"746";"CFExpenseTotal_t0_48";"CFExpenseTotal_t0_48";291;1.718490346;1.887565248
"747";"CFExpenseTotal_t0_49";"CFExpenseTotal_t0_49";121;0.018435844;0.022307371
"748";"CFExpenseTotal_t0_49";"CFExpenseTotal_t0_49";122;0.018435844;0.0221967
"749";"CFExpenseTotal_t0_49";"CFExpenseTotal_t0_49";195;0.013851123;0.008362366
"750";"CFExpenseTotal_t0_49";"CFExpenseTotal_t0_49";196;0.013851123;0.008352192
"751";"CFExpenseTotal_t0_49";"CFExpenseTotal_t0_49";197;0.013851123;0.008352192
"752";"CFExpenseTotal_t0_49";"CFExpenseTotal_t0_49";198;0.013851123;0.008352192
"753";"CFExpenseTotal_t0_49";"CFExpenseTotal_t0_49";199;0.013851123;0.008352207
"754";"CFExpenseTotal_t0_49";"CFExpenseTotal_t0_49";200;0.013851123;0.008352192
"755";"CFExpenseTotal_t0_49";"CFExpenseTotal_t0_49";233;0.01259193;1.431742515
"756";"CFExpenseTotal_t0_49";"CFExpenseTotal_t0_49";234;0.01259193;1.431283374
"757";"CFExpenseTotal_t0_49";"CFExpenseTotal_t0_49";235;0.01259193;1.431250342
"758";"CFExpenseTotal_t0_49";"CFExpenseTotal_t0_49";288;1.602249428;1.76247437
"759";"CFExpenseTotal_t0_49";"CFExpenseTotal_t0_49";289;1.602249428;1.76090663
"760";"CFExpenseTotal_t0_49";"CFExpenseTotal_t0_49";290;1.602249428;1.760380966
"761";"CFExpenseTotal_t0_49";"CFExpenseTotal_t0_49";291;1.602249428;1.759913455
"762";"CFExpenseTotal_t0_50";"CFExpenseTotal_t0_50";121;0.010168468;0.012303847
"763";"CFExpenseTotal_t0_50";"CFExpenseTotal_t0_50";122;0.010168468;0.012243406
"764";"CFExpenseTotal_t0_50";"CFExpenseTotal_t0_50";195;0.007639721;0.004887632
"765";"CFExpenseTotal_t0_50";"CFExpenseTotal_t0_50";196;0.007639721;0.004881744
"766";"CFExpenseTotal_t0_50";"CFExpenseTotal_t0_50";197;0.007639721;0.004881744
"767";"CFExpenseTotal_t0_50";"CFExpenseTotal_t0_50";198;0.007639721;0.004881744
"768";"CFExpenseTotal_t0_50";"CFExpenseTotal_t0_50";199;0.007639721;0.004881753
"769";"CFExpenseTotal_t0_50";"CFExpenseTotal_t0_50";200;0.007639721;0.004881744
"770";"CFExpenseTotal_t0_50";"CFExpenseTotal_t0_50";233;0.006945201;1.225345407
"771";"CFExpenseTotal_t0_50";"CFExpenseTotal_t0_50";234;0.006945201;1.224956344
"772";"CFExpenseTotal_t0_50";"CFExpenseTotal_t0_50";235;0.006945201;1.224928354
"773";"CFExpenseTotal_t0_50";"CFExpenseTotal_t0_50";288;1.475511115;1.623062226
"774";"CFExpenseTotal_t0_50";"CFExpenseTotal_t0_50";289;1.475511115;1.621632769
"775";"CFExpenseTotal_t0_50";"CFExpenseTotal_t0_50";290;1.475511115;1.621153471
"776";"CFExpenseTotal_t0_50";"CFExpenseTotal_t0_50";291;1.475511115;1.620727196
"777";"CFExpenseTotal_t0_51";"CFExpenseTotal_t0_51";121;0.00541511;0.006552283
"778";"CFExpenseTotal_t0_51";"CFExpenseTotal_t0_51";122;0.00541511;0.006520413
"779";"CFExpenseTotal_t0_51";"CFExpenseTotal_t0_51";195;0.004068452;0.002771227
"780";"CFExpenseTotal_t0_51";"CFExpenseTotal_t0_51";196;0.004068452;0.002767922
"781";"CFExpenseTotal_t0_51";"CFExpenseTotal_t0_51";197;0.004068452;0.002767922
"782";"CFExpenseTotal_t0_51";"CFExpenseTotal_t0_51";198;0.004068452;0.002767922
"783";"CFExpenseTotal_t0_51";"CFExpenseTotal_t0_51";199;0.004068452;0.002767926
"784";"CFExpenseTotal_t0_51";"CFExpenseTotal_t0_51";200;0.004068452;0.002767922
"785";"CFExpenseTotal_t0_51";"CFExpenseTotal_t0_51";233;0.003698593;1.024797874
"786";"CFExpenseTotal_t0_51";"CFExpenseTotal_t0_51";234;0.003698593;1.024475708
"787";"CFExpenseTotal_t0_51";"CFExpenseTotal_t0_51";235;0.003698593;1.024452531
"788";"CFExpenseTotal_t0_51";"CFExpenseTotal_t0_51";288;1.339760904;1.473736994
"789";"CFExpenseTotal_t0_51";"CFExpenseTotal_t0_51";289;1.339760904;1.472451882
"790";"CFExpenseTotal_t0_51";"CFExpenseTotal_t0_51";290;1.339760904;1.472020984
"791";"CFExpenseTotal_t0_51";"CFExpenseTotal_t0_51";291;1.339760904;1.471637754
"792";"CFExpenseTotal_t0_52";"CFExpenseTotal_t0_52";121;0.002792265;0.00337864
"793";"CFExpenseTotal_t0_52";"CFExpenseTotal_t0_52";122;0.002792265;0.003362369
"794";"CFExpenseTotal_t0_52";"CFExpenseTotal_t0_52";195;0.00209787;0.001524356
"795";"CFExpenseTotal_t0_52";"CFExpenseTotal_t0_52";196;0.00209787;0.001522556
"796";"CFExpenseTotal_t0_52";"CFExpenseTotal_t0_52";197;0.00209787;0.001522556
"797";"CFExpenseTotal_t0_52";"CFExpenseTotal_t0_52";198;0.00209787;0.001522556
"798";"CFExpenseTotal_t0_52";"CFExpenseTotal_t0_52";199;0.00209787;0.001522558
"799";"CFExpenseTotal_t0_52";"CFExpenseTotal_t0_52";200;0.00209787;0.001522556
"800";"CFExpenseTotal_t0_52";"CFExpenseTotal_t0_52";233;0.001907154;0.835946307
"801";"CFExpenseTotal_t0_52";"CFExpenseTotal_t0_52";234;0.001907154;0.835686111
"802";"CFExpenseTotal_t0_52";"CFExpenseTotal_t0_52";235;0.001907154;0.835667392
"803";"CFExpenseTotal_t0_52";"CFExpenseTotal_t0_52";288;1.196982574;1.316680831
"804";"CFExpenseTotal_t0_52";"CFExpenseTotal_t0_52";289;1.196982574;1.315544026
"805";"CFExpenseTotal_t0_52";"CFExpenseTotal_t0_52";290;1.196982574;1.315162854
"806";"CFExpenseTotal_t0_52";"CFExpenseTotal_t0_52";291;1.196982574;1.31482385
"807";"CFExpenseTotal_t0_53";"CFExpenseTotal_t0_53";121;0.001406689;0.001702094
"808";"CFExpenseTotal_t0_53";"CFExpenseTotal_t0_53";122;0.001406689;0.001693978
"809";"CFExpenseTotal_t0_53";"CFExpenseTotal_t0_53";195;0.001056867;0.00081416
"810";"CFExpenseTotal_t0_53";"CFExpenseTotal_t0_53";196;0.001056867;0.000813208
"811";"CFExpenseTotal_t0_53";"CFExpenseTotal_t0_53";197;0.001056867;0.000813208
"812";"CFExpenseTotal_t0_53";"CFExpenseTotal_t0_53";198;0.001056867;0.000813208
"813";"CFExpenseTotal_t0_53";"CFExpenseTotal_t0_53";199;0.001056867;0.000813209
"814";"CFExpenseTotal_t0_53";"CFExpenseTotal_t0_53";200;0.001056867;0.000813208
"815";"CFExpenseTotal_t0_53";"CFExpenseTotal_t0_53";233;0.000960788;0.663266641
"816";"CFExpenseTotal_t0_53";"CFExpenseTotal_t0_53";234;0.000960788;0.663062237
"817";"CFExpenseTotal_t0_53";"CFExpenseTotal_t0_53";235;0.000960788;0.663047532
"818";"CFExpenseTotal_t0_53";"CFExpenseTotal_t0_53";288;1.049739991;1.15471399
"819";"CFExpenseTotal_t0_53";"CFExpenseTotal_t0_53";289;1.049739991;1.153726882
"820";"CFExpenseTotal_t0_53";"CFExpenseTotal_t0_53";290;1.049739991;1.153395904
"821";"CFExpenseTotal_t0_53";"CFExpenseTotal_t0_53";291;1.049739991;1.153101541
"822";"CFExpenseTotal_t0_54";"CFExpenseTotal_t0_54";121;0.000703205;0.000850878
"823";"CFExpenseTotal_t0_54";"CFExpenseTotal_t0_54";122;0.000703205;0.00084686
"824";"CFExpenseTotal_t0_54";"CFExpenseTotal_t0_54";195;0.000528328;0.000422705
"825";"CFExpenseTotal_t0_54";"CFExpenseTotal_t0_54";196;0.000528328;0.000422216
"826";"CFExpenseTotal_t0_54";"CFExpenseTotal_t0_54";197;0.000528328;0.000422216
"827";"CFExpenseTotal_t0_54";"CFExpenseTotal_t0_54";198;0.000528328;0.000422216
"828";"CFExpenseTotal_t0_54";"CFExpenseTotal_t0_54";199;0.000528328;0.000422217
"829";"CFExpenseTotal_t0_54";"CFExpenseTotal_t0_54";200;0.000528328;0.000422216
"830";"CFExpenseTotal_t0_54";"CFExpenseTotal_t0_54";233;0.000480298;0.510836847
"831";"CFExpenseTotal_t0_54";"CFExpenseTotal_t0_54";234;0.000480298;0.510680977
"832";"CFExpenseTotal_t0_54";"CFExpenseTotal_t0_54";235;0.000480298;0.510669763
"833";"CFExpenseTotal_t0_54";"CFExpenseTotal_t0_54";288;0.901380623;0.991518686
"834";"CFExpenseTotal_t0_54";"CFExpenseTotal_t0_54";289;0.901380623;0.990679466
"835";"CFExpenseTotal_t0_54";"CFExpenseTotal_t0_54";290;0.901380623;0.990398075
"836";"CFExpenseTotal_t0_54";"CFExpenseTotal_t0_54";291;0.901380623;0.990147813
"837";"CFExpenseTotal_t0_55";"CFExpenseTotal_t0_55";121;0.000351533;0.000425354
"838";"CFExpenseTotal_t0_55";"CFExpenseTotal_t0_55";122;0.000351533;0.000423366
"839";"CFExpenseTotal_t0_55";"CFExpenseTotal_t0_55";195;0.000264112;0.000213868
"840";"CFExpenseTotal_t0_55";"CFExpenseTotal_t0_55";196;0.000264112;0.000213623
"841";"CFExpenseTotal_t0_55";"CFExpenseTotal_t0_55";197;0.000264112;0.000213623
"842";"CFExpenseTotal_t0_55";"CFExpenseTotal_t0_55";198;0.000264112;0.000213623
"843";"CFExpenseTotal_t0_55";"CFExpenseTotal_t0_55";199;0.000264112;0.000213624
"844";"CFExpenseTotal_t0_55";"CFExpenseTotal_t0_55";200;0.000264112;0.000213623
"845";"CFExpenseTotal_t0_55";"CFExpenseTotal_t0_55";233;0.000240101;0.380945846
"846";"CFExpenseTotal_t0_55";"CFExpenseTotal_t0_55";234;0.000240101;0.38083076
"847";"CFExpenseTotal_t0_55";"CFExpenseTotal_t0_55";235;0.000240101;0.38082248
"848";"CFExpenseTotal_t0_55";"CFExpenseTotal_t0_55";288;0.756397149;0.832036864
"849";"CFExpenseTotal_t0_55";"CFExpenseTotal_t0_55";289;0.756397149;0.831339592
"850";"CFExpenseTotal_t0_55";"CFExpenseTotal_t0_55";290;0.756397149;0.831105796
"851";"CFExpenseTotal_t0_55";"CFExpenseTotal_t0_55";291;0.756397149;0.830897865
"852";"CFExpenseTotal_t0_56";"CFExpenseTotal_t0_56";121;0.000175731;0.000212635
"853";"CFExpenseTotal_t0_56";"CFExpenseTotal_t0_56";122;0.000175731;0.000211651
"854";"CFExpenseTotal_t0_56";"CFExpenseTotal_t0_56";195;0.00013203;0.000105097
"855";"CFExpenseTotal_t0_56";"CFExpenseTotal_t0_56";196;0.00013203;0.000104978
"856";"CFExpenseTotal_t0_56";"CFExpenseTotal_t0_56";197;0.00013203;0.000104978
"857";"CFExpenseTotal_t0_56";"CFExpenseTotal_t0_56";198;0.00013203;0.000104978
"858";"CFExpenseTotal_t0_56";"CFExpenseTotal_t0_56";199;0.00013203;0.000104978
"859";"CFExpenseTotal_t0_56";"CFExpenseTotal_t0_56";200;0.00013203;0.000104978
"860";"CFExpenseTotal_t0_56";"CFExpenseTotal_t0_56";233;0.000120027;0.274073146
"861";"CFExpenseTotal_t0_56";"CFExpenseTotal_t0_56";234;0.000120027;0.273991166
"862";"CFExpenseTotal_t0_56";"CFExpenseTotal_t0_56";235;0.000120027;0.273985269
"863";"CFExpenseTotal_t0_56";"CFExpenseTotal_t0_56";288;0.619122134;0.681034347
"864";"CFExpenseTotal_t0_56";"CFExpenseTotal_t0_56";289;0.619122134;0.680469263
"865";"CFExpenseTotal_t0_56";"CFExpenseTotal_t0_56";290;0.619122134;0.68027979
"866";"CFExpenseTotal_t0_56";"CFExpenseTotal_t0_56";291;0.619122134;0.680111278
"867";"CFExpenseTotal_t0_57";"CFExpenseTotal_t0_57";121;8.78e-05;0.000106296
"868";"CFExpenseTotal_t0_57";"CFExpenseTotal_t0_57";122;8.78e-05;0.000105809
"869";"CFExpenseTotal_t0_57";"CFExpenseTotal_t0_57";195;6.6e-05;4.96e-05
"870";"CFExpenseTotal_t0_57";"CFExpenseTotal_t0_57";196;6.6e-05;4.96e-05
"871";"CFExpenseTotal_t0_57";"CFExpenseTotal_t0_57";197;6.6e-05;4.96e-05
"872";"CFExpenseTotal_t0_57";"CFExpenseTotal_t0_57";198;6.6e-05;4.96e-05
"873";"CFExpenseTotal_t0_57";"CFExpenseTotal_t0_57";199;6.6e-05;4.96e-05
"874";"CFExpenseTotal_t0_57";"CFExpenseTotal_t0_57";200;6.6e-05;4.96e-05
"875";"CFExpenseTotal_t0_57";"CFExpenseTotal_t0_57";233;6e-05;0.189789537
"876";"CFExpenseTotal_t0_57";"CFExpenseTotal_t0_57";234;6e-05;0.189733329
"877";"CFExpenseTotal_t0_57";"CFExpenseTotal_t0_57";235;6e-05;0.189729286
"878";"CFExpenseTotal_t0_57";"CFExpenseTotal_t0_57";288;0.492911555;0.54220271
"879";"CFExpenseTotal_t0_57";"CFExpenseTotal_t0_57";289;0.492911555;0.541757269
"880";"CFExpenseTotal_t0_57";"CFExpenseTotal_t0_57";290;0.492911555;0.541607913
"881";"CFExpenseTotal_t0_57";"CFExpenseTotal_t0_57";291;0.492911555;0.541475079
"882";"CFExpenseTotal_t0_58";"CFExpenseTotal_t0_58";121;4.39e-05;5.31e-05
"883";"CFExpenseTotal_t0_58";"CFExpenseTotal_t0_58";122;4.39e-05;5.29e-05
"884";"CFExpenseTotal_t0_58";"CFExpenseTotal_t0_58";195;3.3e-05;2.29e-05
"885";"CFExpenseTotal_t0_58";"CFExpenseTotal_t0_58";196;3.3e-05;2.29e-05
"886";"CFExpenseTotal_t0_58";"CFExpenseTotal_t0_58";197;3.3e-05;2.29e-05
"887";"CFExpenseTotal_t0_58";"CFExpenseTotal_t0_58";198;3.3e-05;2.29e-05
"888";"CFExpenseTotal_t0_58";"CFExpenseTotal_t0_58";199;3.3e-05;2.29e-05
"889";"CFExpenseTotal_t0_58";"CFExpenseTotal_t0_58";200;3.3e-05;2.29e-05
"890";"CFExpenseTotal_t0_58";"CFExpenseTotal_t0_58";233;3e-05;0.126311249
"891";"CFExpenseTotal_t0_58";"CFExpenseTotal_t0_58";234;3e-05;0.126274211
"892";"CFExpenseTotal_t0_58";"CFExpenseTotal_t0_58";235;3e-05;0.126271547
"893";"CFExpenseTotal_t0_58";"CFExpenseTotal_t0_58";288;0.380916599;0.419008258
"894";"CFExpenseTotal_t0_58";"CFExpenseTotal_t0_58";289;0.380916599;0.41866743
"895";"CFExpenseTotal_t0_58";"CFExpenseTotal_t0_58";290;0.380916599;0.41855315
"896";"CFExpenseTotal_t0_58";"CFExpenseTotal_t0_58";291;0.380916599;0.418451513
"897";"CFExpenseTotal_t0_59";"CFExpenseTotal_t0_59";121;2.2e-05;2.66e-05
"898";"CFExpenseTotal_t0_59";"CFExpenseTotal_t0_59";122;2.2e-05;2.64e-05
"899";"CFExpenseTotal_t0_59";"CFExpenseTotal_t0_59";195;1.65e-05;1.06e-05
"900";"CFExpenseTotal_t0_59";"CFExpenseTotal_t0_59";196;1.65e-05;1.05e-05
"901";"CFExpenseTotal_t0_59";"CFExpenseTotal_t0_59";197;1.65e-05;1.05e-05
"902";"CFExpenseTotal_t0_59";"CFExpenseTotal_t0_59";198;1.65e-05;1.05e-05
"903";"CFExpenseTotal_t0_59";"CFExpenseTotal_t0_59";199;1.65e-05;1.05e-05
"904";"CFExpenseTotal_t0_59";"CFExpenseTotal_t0_59";200;1.65e-05;1.05e-05
"905";"CFExpenseTotal_t0_59";"CFExpenseTotal_t0_59";233;1.5e-05;0.0806263
"906";"CFExpenseTotal_t0_59";"CFExpenseTotal_t0_59";234;1.5e-05;0.080602892
"907";"CFExpenseTotal_t0_59";"CFExpenseTotal_t0_59";235;1.5e-05;0.080601208
"908";"CFExpenseTotal_t0_59";"CFExpenseTotal_t0_59";288;0.284991772;0.313490949
"909";"CFExpenseTotal_t0_59";"CFExpenseTotal_t0_59";289;0.284991772;0.313238472
"910";"CFExpenseTotal_t0_59";"CFExpenseTotal_t0_59";290;0.284991772;0.313153816
"911";"CFExpenseTotal_t0_59";"CFExpenseTotal_t0_59";291;0.284991772;0.313078526
"912";"CFExpenseTotal_t0_60";"CFExpenseTotal_t0_60";121;1.1e-05;1.33e-05
"913";"CFExpenseTotal_t0_60";"CFExpenseTotal_t0_60";122;1.1e-05;1.32e-05
"914";"CFExpenseTotal_t0_60";"CFExpenseTotal_t0_60";195;8.25e-06;4.87e-06
"915";"CFExpenseTotal_t0_60";"CFExpenseTotal_t0_60";196;8.25e-06;4.86e-06
"916";"CFExpenseTotal_t0_60";"CFExpenseTotal_t0_60";197;8.25e-06;4.86e-06
"917";"CFExpenseTotal_t0_60";"CFExpenseTotal_t0_60";198;8.25e-06;4.86e-06
"918";"CFExpenseTotal_t0_60";"CFExpenseTotal_t0_60";199;8.25e-06;4.86e-06
"919";"CFExpenseTotal_t0_60";"CFExpenseTotal_t0_60";200;8.25e-06;4.86e-06
"920";"CFExpenseTotal_t0_60";"CFExpenseTotal_t0_60";233;7.5e-06;0.049330124
"921";"CFExpenseTotal_t0_60";"CFExpenseTotal_t0_60";234;7.5e-06;0.049315944
"922";"CFExpenseTotal_t0_60";"CFExpenseTotal_t0_60";235;7.5e-06;0.049314924
"923";"CFExpenseTotal_t0_60";"CFExpenseTotal_t0_60";288;0.205659497;0.226225447
"924";"CFExpenseTotal_t0_60";"CFExpenseTotal_t0_60";289;0.205659497;0.226045052
"925";"CFExpenseTotal_t0_60";"CFExpenseTotal_t0_60";290;0.205659497;0.225984566
"926";"CFExpenseTotal_t0_60";"CFExpenseTotal_t0_60";291;0.205659497;0.225930771
"927";"CFExpenseTotal_t0_61";"CFExpenseTotal_t0_61";121;5.49e-06;6.64e-06
"928";"CFExpenseTotal_t0_61";"CFExpenseTotal_t0_61";122;5.49e-06;6.61e-06
"929";"CFExpenseTotal_t0_61";"CFExpenseTotal_t0_61";195;4.12e-06;2.25e-06
"930";"CFExpenseTotal_t0_61";"CFExpenseTotal_t0_61";196;4.12e-06;2.24e-06
"931";"CFExpenseTotal_t0_61";"CFExpenseTotal_t0_61";197;4.12e-06;2.24e-06
"932";"CFExpenseTotal_t0_61";"CFExpenseTotal_t0_61";198;4.12e-06;2.24e-06
"933";"CFExpenseTotal_t0_61";"CFExpenseTotal_t0_61";199;4.12e-06;2.24e-06
"934";"CFExpenseTotal_t0_61";"CFExpenseTotal_t0_61";200;4.12e-06;2.24e-06
"935";"CFExpenseTotal_t0_61";"CFExpenseTotal_t0_61";233;3.75e-06;0.028948216
"936";"CFExpenseTotal_t0_61";"CFExpenseTotal_t0_61";234;3.75e-06;0.028939977
"937";"CFExpenseTotal_t0_61";"CFExpenseTotal_t0_61";235;3.75e-06;0.028939385
"938";"CFExpenseTotal_t0_61";"CFExpenseTotal_t0_61";288;0.142798307;0.157078138
"939";"CFExpenseTotal_t0_61";"CFExpenseTotal_t0_61";289;0.142798307;0.156954121
"940";"CFExpenseTotal_t0_61";"CFExpenseTotal_t0_61";290;0.142798307;0.156912538
"941";"CFExpenseTotal_t0_61";"CFExpenseTotal_t0_61";291;0.142798307;0.156875555
"942";"CFExpenseTotal_t0_62";"CFExpenseTotal_t0_62";121;2.74e-06;3.32e-06
"943";"CFExpenseTotal_t0_62";"CFExpenseTotal_t0_62";122;2.74e-06;3.3e-06
"944";"CFExpenseTotal_t0_62";"CFExpenseTotal_t0_62";195;2.06e-06;1.04e-06
"945";"CFExpenseTotal_t0_62";"CFExpenseTotal_t0_62";196;2.06e-06;1.03e-06
"946";"CFExpenseTotal_t0_62";"CFExpenseTotal_t0_62";197;2.06e-06;1.03e-06
"947";"CFExpenseTotal_t0_62";"CFExpenseTotal_t0_62";198;2.06e-06;1.03e-06
"948";"CFExpenseTotal_t0_62";"CFExpenseTotal_t0_62";199;2.06e-06;1.03e-06
"949";"CFExpenseTotal_t0_62";"CFExpenseTotal_t0_62";200;2.06e-06;1.03e-06
"950";"CFExpenseTotal_t0_62";"CFExpenseTotal_t0_62";233;1.87e-06;0.016297622
"951";"CFExpenseTotal_t0_62";"CFExpenseTotal_t0_62";234;1.87e-06;0.016293029
"952";"CFExpenseTotal_t0_62";"CFExpenseTotal_t0_62";235;1.87e-06;0.016292699
"953";"CFExpenseTotal_t0_62";"CFExpenseTotal_t0_62";288;0.09525688;0.104782568
"954";"CFExpenseTotal_t0_62";"CFExpenseTotal_t0_62";289;0.09525688;0.104700657
"955";"CFExpenseTotal_t0_62";"CFExpenseTotal_t0_62";290;0.09525688;0.104673193
"956";"CFExpenseTotal_t0_62";"CFExpenseTotal_t0_62";291;0.09525688;0.104648767
"957";"CFExpenseTotal_t0_63";"CFExpenseTotal_t0_63";121;1.37e-06;1.66e-06
"958";"CFExpenseTotal_t0_63";"CFExpenseTotal_t0_63";122;1.37e-06;1.65e-06
"959";"CFExpenseTotal_t0_63";"CFExpenseTotal_t0_63";195;1.03e-06;4.78e-07
"960";"CFExpenseTotal_t0_63";"CFExpenseTotal_t0_63";196;1.03e-06;4.77e-07
"961";"CFExpenseTotal_t0_63";"CFExpenseTotal_t0_63";197;1.03e-06;4.77e-07
"962";"CFExpenseTotal_t0_63";"CFExpenseTotal_t0_63";198;1.03e-06;4.77e-07
"963";"CFExpenseTotal_t0_63";"CFExpenseTotal_t0_63";199;1.03e-06;4.77e-07
"964";"CFExpenseTotal_t0_63";"CFExpenseTotal_t0_63";200;1.03e-06;4.77e-07
"965";"CFExpenseTotal_t0_63";"CFExpenseTotal_t0_63";233;9.36e-07;0.008831014
"966";"CFExpenseTotal_t0_63";"CFExpenseTotal_t0_63";234;9.36e-07;0.00882855
"967";"CFExpenseTotal_t0_63";"CFExpenseTotal_t0_63";235;9.36e-07;0.008828373
"968";"CFExpenseTotal_t0_63";"CFExpenseTotal_t0_63";288;0.060915208;0.067006728
"969";"CFExpenseTotal_t0_63";"CFExpenseTotal_t0_63";289;0.060915208;0.066954866
"970";"CFExpenseTotal_t0_63";"CFExpenseTotal_t0_63";290;0.060915208;0.066937476
"971";"CFExpenseTotal_t0_63";"CFExpenseTotal_t0_63";291;0.060915208;0.066922011
"972";"CFExpenseTotal_t0_64";"CFExpenseTotal_t0_64";121;6.85e-07;8.29e-07
"973";"CFExpenseTotal_t0_64";"CFExpenseTotal_t0_64";122;6.85e-07;8.26e-07
"974";"CFExpenseTotal_t0_64";"CFExpenseTotal_t0_64";195;5.15e-07;2.2e-07
"975";"CFExpenseTotal_t0_64";"CFExpenseTotal_t0_64";196;5.15e-07;2.2e-07
"976";"CFExpenseTotal_t0_64";"CFExpenseTotal_t0_64";197;5.15e-07;2.2e-07
"977";"CFExpenseTotal_t0_64";"CFExpenseTotal_t0_64";198;5.15e-07;2.2e-07
"978";"CFExpenseTotal_t0_64";"CFExpenseTotal_t0_64";199;5.15e-07;2.2e-07
"979";"CFExpenseTotal_t0_64";"CFExpenseTotal_t0_64";200;5.15e-07;2.2e-07
"980";"CFExpenseTotal_t0_64";"CFExpenseTotal_t0_64";233;4.68e-07;0.004626241
"981";"CFExpenseTotal_t0_64";"CFExpenseTotal_t0_64";234;4.68e-07;0.004624963
"982";"CFExpenseTotal_t0_64";"CFExpenseTotal_t0_64";235;4.68e-07;0.004624871
"983";"CFExpenseTotal_t0_64";"CFExpenseTotal_t0_64";288;0.03731942;0.041051362
"984";"CFExpenseTotal_t0_64";"CFExpenseTotal_t0_64";289;0.03731942;0.041019902
"985";"CFExpenseTotal_t0_64";"CFExpenseTotal_t0_64";290;0.03731942;0.041009354
"986";"CFExpenseTotal_t0_64";"CFExpenseTotal_t0_64";291;0.03731942;0.040999973
"987";"CFExpenseTotal_t0_65";"CFExpenseTotal_t0_65";121;3.43e-07;4.15e-07
"988";"CFExpenseTotal_t0_65";"CFExpenseTotal_t0_65";122;3.43e-07;4.13e-07
"989";"CFExpenseTotal_t0_65";"CFExpenseTotal_t0_65";195;2.57e-07;1.02e-07
"990";"CFExpenseTotal_t0_65";"CFExpenseTotal_t0_65";196;2.57e-07;1.01e-07
"991";"CFExpenseTotal_t0_65";"CFExpenseTotal_t0_65";197;2.57e-07;1.01e-07
"992";"CFExpenseTotal_t0_65";"CFExpenseTotal_t0_65";198;2.57e-07;1.01e-07
"993";"CFExpenseTotal_t0_65";"CFExpenseTotal_t0_65";199;2.57e-07;1.01e-07
"994";"CFExpenseTotal_t0_65";"CFExpenseTotal_t0_65";200;2.57e-07;1.01e-07
"995";"CFExpenseTotal_t0_65";"CFExpenseTotal_t0_65";233;2.34e-07;0.002348497
"996";"CFExpenseTotal_t0_65";"CFExpenseTotal_t0_65";234;2.34e-07;0.002347855
"997";"CFExpenseTotal_t0_65";"CFExpenseTotal_t0_65";235;2.34e-07;0.002347809
"998";"CFExpenseTotal_t0_65";"CFExpenseTotal_t0_65";288;0.021918492;0.024110341
"999";"CFExpenseTotal_t0_65";"CFExpenseTotal_t0_65";289;0.021918492;0.024092047
"1000";"CFExpenseTotal_t0_65";"CFExpenseTotal_t0_65";290;0.021918492;0.024085913
"1001";"CFExpenseTotal_t0_65";"CFExpenseTotal_t0_65";291;0.021918492;0.024080458
"1002";"CFExpenseTotal_t0_66";"CFExpenseTotal_t0_66";121;1.71e-07;2.07e-07
"1003";"CFExpenseTotal_t0_66";"CFExpenseTotal_t0_66";122;1.71e-07;2.06e-07
"1004";"CFExpenseTotal_t0_66";"CFExpenseTotal_t0_66";195;1.29e-07;4.69e-08
"1005";"CFExpenseTotal_t0_66";"CFExpenseTotal_t0_66";196;1.29e-07;4.68e-08
"1006";"CFExpenseTotal_t0_66";"CFExpenseTotal_t0_66";197;1.29e-07;4.68e-08
"1007";"CFExpenseTotal_t0_66";"CFExpenseTotal_t0_66";198;1.29e-07;4.68e-08
"1008";"CFExpenseTotal_t0_66";"CFExpenseTotal_t0_66";199;1.29e-07;4.68e-08
"1009";"CFExpenseTotal_t0_66";"CFExpenseTotal_t0_66";200;1.29e-07;4.68e-08
"1010";"CFExpenseTotal_t0_66";"CFExpenseTotal_t0_66";233;1.17e-07;0.001174069
"1011";"CFExpenseTotal_t0_66";"CFExpenseTotal_t0_66";234;1.17e-07;0.001173751
"1012";"CFExpenseTotal_t0_66";"CFExpenseTotal_t0_66";235;1.17e-07;0.001173728
"1013";"CFExpenseTotal_t0_66";"CFExpenseTotal_t0_66";288;0.01234434;0.013578774
"1014";"CFExpenseTotal_t0_66";"CFExpenseTotal_t0_66";289;0.01234434;0.013568573
"1015";"CFExpenseTotal_t0_66";"CFExpenseTotal_t0_66";290;0.01234434;0.013565152
"1016";"CFExpenseTotal_t0_66";"CFExpenseTotal_t0_66";291;0.01234434;0.01356211
"1017";"CFExpenseTotal_t0_67";"CFExpenseTotal_t0_67";121;8.56e-08;1.04e-07
"1018";"CFExpenseTotal_t0_67";"CFExpenseTotal_t0_67";122;8.56e-08;1.03e-07
"1019";"CFExpenseTotal_t0_67";"CFExpenseTotal_t0_67";195;6.43e-08;2.16e-08
"1020";"CFExpenseTotal_t0_67";"CFExpenseTotal_t0_67";196;6.43e-08;2.16e-08
"1021";"CFExpenseTotal_t0_67";"CFExpenseTotal_t0_67";197;6.43e-08;2.16e-08
"1022";"CFExpenseTotal_t0_67";"CFExpenseTotal_t0_67";198;6.43e-08;2.16e-08
"1023";"CFExpenseTotal_t0_67";"CFExpenseTotal_t0_67";199;6.43e-08;2.16e-08
"1024";"CFExpenseTotal_t0_67";"CFExpenseTotal_t0_67";200;6.43e-08;2.16e-08
"1025";"CFExpenseTotal_t0_67";"CFExpenseTotal_t0_67";233;5.85e-08;0.000586945
"1026";"CFExpenseTotal_t0_67";"CFExpenseTotal_t0_67";234;5.85e-08;0.000586788
"1027";"CFExpenseTotal_t0_67";"CFExpenseTotal_t0_67";235;5.85e-08;0.000586776
"1028";"CFExpenseTotal_t0_67";"CFExpenseTotal_t0_67";288;0.006689239;0.007358163
"1029";"CFExpenseTotal_t0_67";"CFExpenseTotal_t0_67";289;0.006689239;0.007352689
"1030";"CFExpenseTotal_t0_67";"CFExpenseTotal_t0_67";290;0.006689239;0.007350854
"1031";"CFExpenseTotal_t0_67";"CFExpenseTotal_t0_67";291;0.006689239;0.007349222
"1032";"CFExpenseTotal_t0_68";"CFExpenseTotal_t0_68";195;3e-08;9.97e-09
"1033";"CFExpenseTotal_t0_68";"CFExpenseTotal_t0_68";196;3e-08;9.96e-09
"1034";"CFExpenseTotal_t0_68";"CFExpenseTotal_t0_68";197;3e-08;9.96e-09
"1035";"CFExpenseTotal_t0_68";"CFExpenseTotal_t0_68";198;3e-08;9.96e-09
"1036";"CFExpenseTotal_t0_68";"CFExpenseTotal_t0_68";199;3e-08;9.96e-09
"1037";"CFExpenseTotal_t0_68";"CFExpenseTotal_t0_68";200;3e-08;9.96e-09
"1038";"CFExpenseTotal_t0_68";"CFExpenseTotal_t0_68";233;2.72e-08;0.000293428
"1039";"CFExpenseTotal_t0_68";"CFExpenseTotal_t0_68";234;2.72e-08;0.00029335
"1040";"CFExpenseTotal_t0_68";"CFExpenseTotal_t0_68";235;2.72e-08;0.000293344
"1041";"CFExpenseTotal_t0_68";"CFExpenseTotal_t0_68";288;0.003504212;0.003854634
"1042";"CFExpenseTotal_t0_68";"CFExpenseTotal_t0_68";289;0.003504212;0.003851795
"1043";"CFExpenseTotal_t0_68";"CFExpenseTotal_t0_68";290;0.003504212;0.003850843
"1044";"CFExpenseTotal_t0_68";"CFExpenseTotal_t0_68";291;0.003504212;0.003849996
"1045";"CFExpenseTotal_t0_69";"CFExpenseTotal_t0_69";233;1.1e-08;0.000146691
"1046";"CFExpenseTotal_t0_69";"CFExpenseTotal_t0_69";234;1.1e-08;0.000146653
"1047";"CFExpenseTotal_t0_69";"CFExpenseTotal_t0_69";235;1.1e-08;0.00014665
"1048";"CFExpenseTotal_t0_69";"CFExpenseTotal_t0_69";288;0.001778887;0.001956776
"1049";"CFExpenseTotal_t0_69";"CFExpenseTotal_t0_69";289;0.001778887;0.001955349
"1050";"CFExpenseTotal_t0_69";"CFExpenseTotal_t0_69";290;0.001778887;0.00195487
"1051";"CFExpenseTotal_t0_69";"CFExpenseTotal_t0_69";291;0.001778887;0.001954445
"1052";"CFExpenseTotal_t0_70";"CFExpenseTotal_t0_70";233;4.09e-09;7.33e-05
"1053";"CFExpenseTotal_t0_70";"CFExpenseTotal_t0_70";234;4.09e-09;7.33e-05
"1054";"CFExpenseTotal_t0_70";"CFExpenseTotal_t0_70";235;4.09e-09;7.33e-05
"1055";"CFExpenseTotal_t0_70";"CFExpenseTotal_t0_70";288;0.0008893;0.00097823
"1056";"CFExpenseTotal_t0_70";"CFExpenseTotal_t0_70";289;0.0008893;0.000977523
"1057";"CFExpenseTotal_t0_70";"CFExpenseTotal_t0_70";290;0.0008893;0.000977287
"1058";"CFExpenseTotal_t0_70";"CFExpenseTotal_t0_70";291;0.0008893;0.000977076
"1059";"CFExpenseTotal_t0_71";"CFExpenseTotal_t0_71";233;1.52e-09;3.67e-05
"1060";"CFExpenseTotal_t0_71";"CFExpenseTotal_t0_71";234;1.52e-09;3.67e-05
"1061";"CFExpenseTotal_t0_71";"CFExpenseTotal_t0_71";235;1.52e-09;3.67e-05
"1062";"CFExpenseTotal_t0_71";"CFExpenseTotal_t0_71";288;0.000444578;0.000489036
"1063";"CFExpenseTotal_t0_71";"CFExpenseTotal_t0_71";289;0.000444578;0.000488686
"1064";"CFExpenseTotal_t0_71";"CFExpenseTotal_t0_71";290;0.000444578;0.000488569
"1065";"CFExpenseTotal_t0_71";"CFExpenseTotal_t0_71";291;0.000444578;0.000488465
"1066";"CFExpenseTotal_t0_72";"CFExpenseTotal_t0_72";233;5.64e-10;1.83e-05
"1067";"CFExpenseTotal_t0_72";"CFExpenseTotal_t0_72";234;5.64e-10;1.83e-05
"1068";"CFExpenseTotal_t0_72";"CFExpenseTotal_t0_72";235;5.64e-10;1.83e-05
"1069";"CFExpenseTotal_t0_72";"CFExpenseTotal_t0_72";288;0.000222253;0.000244478
"1070";"CFExpenseTotal_t0_72";"CFExpenseTotal_t0_72";289;0.000222253;0.000244305
"1071";"CFExpenseTotal_t0_72";"CFExpenseTotal_t0_72";290;0.000222253;0.000244247
"1072";"CFExpenseTotal_t0_72";"CFExpenseTotal_t0_72";291;0.000222253;0.000244196
"1073";"CFExpenseTotal_t0_73";"CFExpenseTotal_t0_73";233;2.1e-10;9.16e-06
"1074";"CFExpenseTotal_t0_73";"CFExpenseTotal_t0_73";234;2.1e-10;9.16e-06
"1075";"CFExpenseTotal_t0_73";"CFExpenseTotal_t0_73";235;2.1e-10;9.16e-06
"1076";"CFExpenseTotal_t0_73";"CFExpenseTotal_t0_73";288;0.000111109;0.000122219
"1077";"CFExpenseTotal_t0_73";"CFExpenseTotal_t0_73";289;0.000111109;0.000122134
"1078";"CFExpenseTotal_t0_73";"CFExpenseTotal_t0_73";290;0.000111109;0.000122105
"1079";"CFExpenseTotal_t0_73";"CFExpenseTotal_t0_73";291;0.000111109;0.00012208
"1080";"CFExpenseTotal_t0_74";"CFExpenseTotal_t0_74";233;7.79e-11;4.58e-06
"1081";"CFExpenseTotal_t0_74";"CFExpenseTotal_t0_74";234;7.79e-11;4.58e-06
"1082";"CFExpenseTotal_t0_74";"CFExpenseTotal_t0_74";235;7.79e-11;4.58e-06
"1083";"CFExpenseTotal_t0_74";"CFExpenseTotal_t0_74";288;5.55e-05;6.11e-05
"1084";"CFExpenseTotal_t0_74";"CFExpenseTotal_t0_74";289;5.55e-05;6.11e-05
"1085";"CFExpenseTotal_t0_74";"CFExpenseTotal_t0_74";290;5.55e-05;6.1e-05
"1086";"CFExpenseTotal_t0_74";"CFExpenseTotal_t0_74";291;5.55e-05;6.1e-05
"1087";"CFExpenseTotal_t0_75";"CFExpenseTotal_t0_75";233;2.89e-11;2.29e-06
"1088";"CFExpenseTotal_t0_75";"CFExpenseTotal_t0_75";234;2.89e-11;2.29e-06
"1089";"CFExpenseTotal_t0_75";"CFExpenseTotal_t0_75";235;2.89e-11;2.29e-06
"1090";"CFExpenseTotal_t0_75";"CFExpenseTotal_t0_75";288;2.78e-05;3.05e-05
"1091";"CFExpenseTotal_t0_75";"CFExpenseTotal_t0_75";289;2.78e-05;3.05e-05
"1092";"CFExpenseTotal_t0_75";"CFExpenseTotal_t0_75";290;2.78e-05;3.05e-05
"1093";"CFExpenseTotal_t0_75";"CFExpenseTotal_t0_75";291;2.78e-05;3.05e-05
"1094";"CFExpenseTotal_t0_76";"CFExpenseTotal_t0_76";233;1.08e-11;1.14e-06
"1095";"CFExpenseTotal_t0_76";"CFExpenseTotal_t0_76";234;1.08e-11;1.14e-06
"1096";"CFExpenseTotal_t0_76";"CFExpenseTotal_t0_76";235;1.08e-11;1.14e-06
"1097";"CFExpenseTotal_t0_76";"CFExpenseTotal_t0_76";288;1.39e-05;1.53e-05
"1098";"CFExpenseTotal_t0_76";"CFExpenseTotal_t0_76";289;1.39e-05;1.53e-05
"1099";"CFExpenseTotal_t0_76";"CFExpenseTotal_t0_76";290;1.39e-05;1.53e-05
"1100";"CFExpenseTotal_t0_76";"CFExpenseTotal_t0_76";291;1.39e-05;1.53e-05
"1101";"CFExpenseTotal_t0_77";"CFExpenseTotal_t0_77";233;1.33e-12;5.72e-07
"1102";"CFExpenseTotal_t0_77";"CFExpenseTotal_t0_77";234;1.33e-12;5.72e-07
"1103";"CFExpenseTotal_t0_77";"CFExpenseTotal_t0_77";235;1.33e-12;5.72e-07
"1104";"CFExpenseTotal_t0_77";"CFExpenseTotal_t0_77";288;6.94e-06;7.63e-06
"1105";"CFExpenseTotal_t0_77";"CFExpenseTotal_t0_77";289;6.94e-06;7.63e-06
"1106";"CFExpenseTotal_t0_77";"CFExpenseTotal_t0_77";290;6.94e-06;7.63e-06
"1107";"CFExpenseTotal_t0_77";"CFExpenseTotal_t0_77";291;6.94e-06;7.63e-06
"1108";"CFExpenseTotal_t0_78";"CFExpenseTotal_t0_78";233;9.15e-13;2.86e-07
"1109";"CFExpenseTotal_t0_78";"CFExpenseTotal_t0_78";234;9.15e-13;2.86e-07
"1110";"CFExpenseTotal_t0_78";"CFExpenseTotal_t0_78";235;9.15e-13;2.86e-07
"1111";"CFExpenseTotal_t0_78";"CFExpenseTotal_t0_78";288;3.47e-06;3.82e-06
"1112";"CFExpenseTotal_t0_78";"CFExpenseTotal_t0_78";289;3.47e-06;3.81e-06
"1113";"CFExpenseTotal_t0_78";"CFExpenseTotal_t0_78";290;3.47e-06;3.81e-06
"1114";"CFExpenseTotal_t0_78";"CFExpenseTotal_t0_78";291;3.47e-06;3.81e-06
"1115";"CFExpenseTotal_t0_79";"CFExpenseTotal_t0_79";233;3.4e-13;1.43e-07
"1116";"CFExpenseTotal_t0_79";"CFExpenseTotal_t0_79";234;3.4e-13;1.43e-07
"1117";"CFExpenseTotal_t0_79";"CFExpenseTotal_t0_79";235;3.4e-13;1.43e-07
"1118";"CFExpenseTotal_t0_79";"CFExpenseTotal_t0_79";288;1.73e-06;1.91e-06
"1119";"CFExpenseTotal_t0_79";"CFExpenseTotal_t0_79";289;1.73e-06;1.91e-06
"1120";"CFExpenseTotal_t0_79";"CFExpenseTotal_t0_79";290;1.73e-06;1.91e-06
"1121";"CFExpenseTotal_t0_79";"CFExpenseTotal_t0_79";291;1.73e-06;1.91e-06
"1122";"CFExpenseTotal_t0_80";"CFExpenseTotal_t0_80";233;6.32e-14;7.15e-08
"1123";"CFExpenseTotal_t0_80";"CFExpenseTotal_t0_80";234;6.32e-14;7.15e-08
"1124";"CFExpenseTotal_t0_80";"CFExpenseTotal_t0_80";235;6.32e-14;7.15e-08
"1125";"CFExpenseTotal_t0_80";"CFExpenseTotal_t0_80";288;8.67e-07;9.54e-07
"1126";"CFExpenseTotal_t0_80";"CFExpenseTotal_t0_80";289;8.67e-07;9.53e-07
"1127";"CFExpenseTotal_t0_80";"CFExpenseTotal_t0_80";290;8.67e-07;9.53e-07
"1128";"CFExpenseTotal_t0_80";"CFExpenseTotal_t0_80";291;8.67e-07;9.53e-07
"1129";"CFExpenseTotal_t0_81";"CFExpenseTotal_t0_81";233;0;3.08e-08
"1130";"CFExpenseTotal_t0_81";"CFExpenseTotal_t0_81";234;0;3.08e-08
"1131";"CFExpenseTotal_t0_81";"CFExpenseTotal_t0_81";235;0;3.08e-08
"1132";"CFExpenseTotal_t0_81";"CFExpenseTotal_t0_81";288;4.33e-07;4.77e-07
"1133";"CFExpenseTotal_t0_81";"CFExpenseTotal_t0_81";289;4.33e-07;4.76e-07
"1134";"CFExpenseTotal_t0_81";"CFExpenseTotal_t0_81";290;4.33e-07;4.76e-07
"1135";"CFExpenseTotal_t0_81";"CFExpenseTotal_t0_81";291;4.33e-07;4.76e-07
"1136";"CFExpenseTotal_t0_82";"CFExpenseTotal_t0_82";288;2.17e-07;2.38e-07
"1137";"CFExpenseTotal_t0_82";"CFExpenseTotal_t0_82";289;2.17e-07;2.38e-07
"1138";"CFExpenseTotal_t0_82";"CFExpenseTotal_t0_82";290;2.17e-07;2.38e-07
"1139";"CFExpenseTotal_t0_82";"CFExpenseTotal_t0_82";291;2.17e-07;2.38e-07
"1140";"CFSurrenderExpense_t0_0";"CFSurrenderExpense_t0_0";343;0.21161623;0.1956
"1141";"CFSurrenderExpense_t0_1";"CFSurrenderExpense_t0_1";343;0.220203938;0.2033
"1142";"CFSurrenderExpense_t0_2";"CFSurrenderExpense_t0_2";343;0.233026975;0.215
"1143";"CFSurrenderExpense_t0_3";"CFSurrenderExpense_t0_3";343;0.24789306;0.2285
"1144";"CFSurrenderExpense_t0_4";"CFSurrenderExpense_t0_4";343;0.262964254;0.2422
"1145";"CFSurrenderExpense_t0_5";"CFSurrenderExpense_t0_5";343;0.276739058;0.2546
"1146";"CFSurrenderExpense_t0_6";"CFSurrenderExpense_t0_6";343;0.288033525;0.2648
"1147";"CFSurrenderExpense_t0_7";"CFSurrenderExpense_t0_7";343;0.295963328;0.2718
"1148";"CFSurrenderExpense_t0_8";"CFSurrenderExpense_t0_8";343;0.299925843;0.2752
"1149";"CFSurrenderExpense_t0_9";"CFSurrenderExpense_t0_9";343;0.299578108;0.2746
"1150";"CFSurrenderExpense_t0_10";"CFSurrenderExpense_t0_10";343;0.294815153;0.2699
"1151";"CFSurrenderExpense_t0_11";"CFSurrenderExpense_t0_11";343;0.285750146;0.2613
"1152";"CFSurrenderExpense_t0_12";"CFSurrenderExpense_t0_12";343;0.272690216;0.2491
"1153";"CFSurrenderExpense_t0_13";"CFSurrenderExpense_t0_13";343;0.256112726;0.2337
"1154";"CFSurrenderExpense_t0_14";"CFSurrenderExpense_t0_14";343;0.236644024;0.2156
"1155";"CFSurrenderExpense_t0_15";"CFSurrenderExpense_t0_15";343;0.215035627;0.1957
"1156";"CFSurrenderExpense_t0_16";"CFSurrenderExpense_t0_16";343;0.192143979;0.1746
"1157";"CFSurrenderExpense_t0_17";"CFSurrenderExpense_t0_17";343;0.168911684;0.1533
"1158";"CFSurrenderExpense_t0_18";"CFSurrenderExpense_t0_18";343;0.14634521;0.1326
"1159";"CFSurrenderExpense_t0_19";"CFSurrenderExpense_t0_19";343;0.125493101;0.1136
"1160";"CFSurrenderExpense_t0_20";"CFSurrenderExpense_t0_20";343;0.107423187;0.0971
"1161";"CFSurrenderExpense_t0_21";"CFSurrenderExpense_t0_21";343;0.093198139;0.0841
"1162";"CFSurrenderExpense_t0_22";"CFSurrenderExpense_t0_22";343;0.08385182;0.0755
"1163";"CFSurrenderExpense_t0_23";"CFSurrenderExpense_t0_23";343;0.080366144;0.0723
"1164";"CFSurrenderExpense_t0_24";"CFSurrenderExpense_t0_24";343;0.083646246;0.0751
"1165";"CFSurrenderExpense_t0_25";"CFSurrenderExpense_t0_25";343;0.094494998;0.0847
"1166";"CFSurrenderExpense_t0_26";"CFSurrenderExpense_t0_26";343;0.113586985;0.1016
"1167";"CFSurrenderExpense_t0_27";"CFSurrenderExpense_t0_27";343;0.141441722;0.1263
"1168";"CFSurrenderExpense_t0_28";"CFSurrenderExpense_t0_28";343;0.167440303;0.1493
"1169";"CFSurrenderExpense_t0_29";"CFSurrenderExpense_t0_29";343;0.173511596;0.1544
"1170";"CFSurrenderExpense_t0_30";"CFSurrenderExpense_t0_30";343;0.165620761;0.1471
"1171";"CFSurrenderExpense_t0_31";"CFSurrenderExpense_t0_31";343;0.157749249;0.1399
"1172";"CFSurrenderExpense_t0_32";"CFSurrenderExpense_t0_32";343;0.1499069;0.1327
"1173";"CFSurrenderExpense_t0_33";"CFSurrenderExpense_t0_33";343;0.048354799;0.0427
